id,name,desc_short,desc
1,اللَّه,الله: وهو الإسم الأعظم الذي تفرد به الحق سبحانه وخص به نفسه وجعله أول أسمائه، وأضافها كلها إليه فهو علم على ذاته سبحانه.,"    هو الاسم الذى تفرد به الحق سبحانه وخص به نفسه ،
    وجعله أول أسمائه واضافها كلها اليه ولم يضفه الى إسم منها ، فكل ما يرد بعده يكون نعتا له وصفة ،
    وهو إسم يدل دلالة العلم على الإله الحق وهويدل عليه دلالة جامعة لجميع الأسماء الإلهية الأحادية .
    هذا والاسم (الله) سبحانه مختص بخواص لم توجد فى سائر أسماء الله تعالى .
    الخاصية الأولى : أنه إذا حذفت الألف من قولك (الله)
    بقى الباقى على صورة
    لله وهومختص به سبحانه كما فى قوله
    ( ولله جنود السموات والأرض) .
    وإن حذفت عن البقية اللام الأولى بقيت على صورة (له) كما فى قوله تعالى
    ( له مقاليد السموات والأرض)
    فإن حذفت اللام الباقية كانت البقية هى قولنا (هو)
    وهو أيضا يدل عليه سبحانه كما فى قوله ( قل هو الله أحد )
    والواو ذائدة بدليل سقوطها فى التثنية والجمع ، فإنك تقول : هما ، هم ،
    فلا تبقى الواو فيهما فهذه الخاصية موجودة فى لفظ الله غير موجودة فى سائر الاسماء .
    الخاصية الثانية :
    أن كلمة الشهادة _ وهى الكلمة التى بسببها ينتقل الكافر من الكفر الى الإسلام _ لم يحصل فيها إلا هذا الاسم
    فلو أن الكافر قال : أشهد أن لا اله إلا الرحمن الرحيم ،
    لم يخرج من الكفر ولم يدخل الاسلام ، وذلك يدل على اختصاص هذا الاسم بهذه الخاصية الشريفة"
2,الرَّحْمَنُ,الرحمن: كثير الرحمة وهو اسم مقصور على الله عز وجل ولا يجوز أن يقال رحمن لغير الله، وذلك لأن رحمته وسعت كل شيء وهو أرحم الراحمين.,"الرحمن الرحيم إسمان مشتقان من الرحمة والرحمة فى الأصل رقة فى القلب تستلزم التفضل والإحسان ،
وهذا جائز فى حق العباد ، ولكنه محال فى حق الله سبحانه وتعالى، والرحمة تستدعى مرحوما .
ولا مرحوم إلا محتاج ، والرحمة منطوية على معنين الرقة .
والإحسان ، فركز تعالى فى طباع الناس الرقة وتفرد بالإحسان .
ولا يطلق الرحمن إلا على الله تعالى ، إذ هو الذى وسع كل شىء رحمة ، والرحيم تستعمل فى غيره وهو الذى كثرت رحمته
وقيل أن الله رحمن الدنيا ورحيم الآخرة ، وذلك أن إحسانه فى الدنيا يعم المؤمنين والكافرين ،
ومن الآخرة يختص بالمؤمنين ، اسم الرحمن أخص من اسم الرحيم والرحمن نوعا من الرحمن
وأبعد من مقدور العباد ، فالرحمن هو العطوف على عباده بالإيجاد أولا .
. وبالهداية الى الإيمان وأسباب السعادة ثانيا .
والإسعاد فى الآخرة ثالثا ، والإنعام بالنظر الى وجهه الكريم رابعا .
الرحمن هو المنعم بما لا يتصور صدور جنسه من العباد ،
والرحيم هو المنعم بما يتصور صدور جنسه "
3,الرَّحِيمُ,الرحيم: هو المنعم أبدا، المتفضل دوما، فرحمته لا تنتهي.,"الرحمن الرحيم إسمان مشتقان من الرحمة والرحمة فى الأصل رقة فى القلب تستلزم التفضل والإحسان ،
وهذا جائز فى حق العباد ، ولكنه محال فى حق الله سبحانه وتعالى، والرحمة تستدعى مرحوما .
ولا مرحوم إلا محتاج ، والرحمة منطوية على معنين الرقة .
والإحسان ، فركز تعالى فى طباع الناس الرقة وتفرد بالإحسان .
ولا يطلق الرحمن إلا على الله تعالى ، إذ هو الذى وسع كل شىء رحمة ، والرحيم تستعمل فى غيره وهو الذى كثرت رحمته
وقيل أن الله رحمن الدنيا ورحيم الآخرة ، وذلك أن إحسانه فى الدنيا يعم المؤمنين والكافرين ،
ومن الآخرة يختص بالمؤمنين ، اسم الرحمن أخص من اسم الرحيم والرحمن نوعا من الرحمن
وأبعد من مقدور العباد ، فالرحمن هو العطوف على عباده بالإيجاد أولا .
. وبالهداية الى الإيمان وأسباب السعادة ثانيا .
والإسعاد فى الآخرة ثالثا ، والإنعام بالنظر الى وجهه الكريم رابعا .
الرحمن هو المنعم بما لا يتصور صدور جنسه من العباد ،
والرحيم هو المنعم بما يتصور صدور جنسه "
4,المَلِكُ,الملك: هو الله، ملك الملوك، له الملك، وهو مالك يوم الدين، ومليك الخلق فهو المالك المطلق.,"    الملك هو الظاهر بعز سلطانه ، الغنى بذاته ،
    المتصرف فى أكوانه بصفاته ، وهو المتصرف بالأمر والنهى ،
    أو الملك لكل الأشياء ، الله تعالى الملك المستغنى بذاته وصفاته وأفعاله عن غيرة ،
    المحتاج اليه كل من عداه ، يملك الحياة والموت والبعث والنشور ،
    والملك الحقيقى لا يكون إلا لله وحده ، ومن عرف أن الملك لله وحده أبى أن يذل لمخلوق ،
    وقد يستغنى العبد عن بعض اشياء ولا يستغنى عن بعض الأشياء فيكون له نصيب من الملك ،
    وقد يستغنى عن كل شىء سوى الله ،
    والعبد مملكته الخاصة قلبه .
    وجنده شهوته وغضبه وهواه .
    ورعيته لسانه وعيناه وباقى أعضائه .
    فإذا ملكها ولم تملكه فقد نال درجة الملك فى عالمه ،
    فإن انضم الى ذلك استغناؤه عن كل الناس فتلك رتبة الأنبياء ،
    يليهم العلماء وملكهم بقدر قدرتهم على ارشاد العباد ،
    بهذه الصفات يقرب العبد من الملائكة فى صفاته ويتقرب الى الله"
5,القُدُّوسُ,القدوس: هو الطاهر المنزه عن العيوب والنقائص وعن كل ما تحيط به العقول.,"    تقول اللغة أن القدس هو الطهارة
    والأرض المقدسة هى المطهرة
    والبيت المقدس :الذى يتطهر فيه من الذنوب
    وفى القرآن الكريم على لسان الملائكة وهم يخاطبون الله ( ونحن نسبح بحمدك ونقدس لك ) أى نطهر انفسنا لك
    وجبريل عليه السلام يسمى الروح القدس لطهارته من العيوب فى تبليغ الوحى الى الرسل أو لأنه خلق من الطهارة
    ولا يكفى فى تفسير القدوس بالنسبة الى الله تعالى أن يقال أنه منزه عن العيوب والنقائص فإن ذلك يكاد يقرب من ترك الأدب مع الله
    فهو سبحانه منزه عن أوصاف كمال الناس المحدودة كما أنه منزه عن أوصاف نقصهم
    بل كل صفة نتصورها للخلق هو منزه عنها وعما يشبهها أو يماثلها"
6,السَّلَامُ,السلام: هو ناشر السلام بين الأنام وهو الذي سلمت ذاته من النقص والعيب والفناء.,"    تقول اللغة هو الأمان والاطئنان
    والحصانة والسلامة ومادة السلام تدل على الخلاص والنجاة
    وأن القلب السليم هو الخالص من العيوب
    والسلم (بفتح السين أو كسرها ) هو المسالمة وعدم الحرب
    الله السلام لأنه ناشر السلام بين الأنام
    وهو مانح السلامة فى الدنيا والآخرة
    وهو المنزه ذو السلامة من جميع العيوب والنقائص لكماله فى ذاته وصفاته وأفعاله
    فكل سلامة معزوة اليه صادرة منه
    وهوالذى سلم الخلق من ظلمه
    وهوالمسلم على عباده فى الجنة
    وهو فى رأى بعض العلماء بمعنى القدوس .
    والأسلام هو عنوان دين الله الخاتم وهومشتق من مادة السلام الذى هو اسلام المرء نفسه لخالقه
    وعهد منه أن يكون فى حياته سلما ومسالما لمن يسالمه
    وتحية المسلمين بينهم هى ( السلام عليكم ورحمة الله وبركاته ) والرسول صلى الله عليه ةسلم يكثر من الدعوة الى السلام فيقول
    : السلام من الاسلام..
    افشوا السلام تسلموا ..
    ثلاث من جمعهن فقد جمع الأيمان
    : الأنصاف مع نفسم
    وبذل السلام للعالم والأنفاق من الأقتار ( أى مع الحاجة ) ..
    افشوا السلام بينكم .. اللهم أنت السلام ومنك السلام
    واليك يعود السلام فحينا ربنا بالسلام.
"
7,المُؤْمِنُ,المؤمن: هو الذي سلم أوليائه من عذابه، والذي يصدق عباده ما وعدهم.,"الإيمان فى اللغة هو التصديق ، ويقال آمنه من الأمان ضد الخوف ،
والله يعطى الأمان لمن استجار به واستعان ،
الله المؤمن الذى وحد نفسه بقوله ( شهد الله أنه لا اله إلا هو ) ،
وهو الذى يؤمن أولياءه من عذابه ،
ويؤمن عباده من ظلمه ، هو خالق الطمأنينة فى القلوب ،
أن الله خالق أسباب الخوف وأسباب الأمان جميعا وكونه تعالى مخوفا لا يمنع كونه مؤمنا ،
كما أن كونه مذلا لا يمنع كونه معزا ،
فكذلك هو المؤمن المخوف ، إن إسم ( المؤمن ) قد جاء منسوبا الى الله تبارك وتعالى فى القرآن مرة واحدة فى سورة الحشر فى قوله تعالى ( هو الله الذى لا اله إلا هو الملك القدوس السلام المؤمن المهيمن العزيز الجبار المتكبر سبحان الله عما يشركون )
سورة الحشر"
8,المُهَيْمِنُ,المهيمن: هو الرقيب الحافظ لكل شيء، القائم على خلقه بأعمالهم، وأرزاقهم وآجالهم، المسؤول عنهم بالرعاية والوقاية والصيانة.,"    الهيمنة هى القيام على الشىء والرعاية له
    والمهيمن هو الرقيب أو الشاهد
    والرقيب اسم من أسماء الله تبارك وتعالى معناه الرقيب الحافظ لكل شىء
    المبالغ فى الرقابة والحفظ
    أو المشاهد العالم بجميع الأشياء بالسر والنجوى
    السامع للشكر والشكوى الدافع للضر والبلوى
    وهو الشاهد المطلع على افعال مخلوقاته الذى يشهد الخواطر
    ويعلم السرائر ويبصر الظواهر وهو المشرف على أعمال العباد
    القائم على الوجود بالحفظ والأستيلاء"
9,العَزِيزُ,العزيز: هو المنفرد بالعزة، الظاهر الذي لا يقهر، القوي الممتنع فلا يغلبه شيء وهو غالب كل شيء.,"    العز فى اللغة هو القوة والشدة والغلبة والرفعة و الأمتناع ،
    والتعزيز هو التقوية ،
    والعزيز اسم من أسماء الله الحسنى هو الخطير ،( الذى يقل وجود مثله . وتشتد الحاجة اليه . ويصعب الوصول اليه )
    وإذا لم تجتمع هذه المعانى الثلاث لم يطلق عليه اسم العزيز ،
    كالشمس : لا نظير لها
    والنفع منها عظيم والحاجة شديدة اليها ولكن لا توصف بالعزة لأنه لا يصعب الوصول الي مشاهدتها .
    وفى قوله تعالى
    ( ولله العزة ولرسوله وللمؤمنين ولكن المنافقين لا يعلمون )
    فالعزة هنا لله تحقيقا ، ولرسوله فضلا ،
    وللمؤمنين ببركة إيمانهم برسول الله عليه الصلاة والسلام"
10,الجَبَّارُ,الجبار: هو الذي تنفذ مشيئته، ولا يخرج أحد عن تقديره، وهو القاهر لخلقه على ما أراد.,"    اللغة تقول : الجبر ضد الكسر ، واصلاح الشىء بنوع من القهر ،
    يقال جبر العظم من الكسر ،
    وجبرت الفقير أى أغنيته ،
    كما أن الجبار فى اللغة هو العالى العظيم
    والجبار فى حق الله تعالى هو الذى تنفذ مشيئته على سبيل الإجبار فى كل أحد ،
    ولا تنفذ قيه مشيئة أحد ،
    ويظهر أحكامه قهرا ،
    ولا يخرج أحد عن قبضة تقديره ، وليس ذلك إلا لله ،
    وجاء فى حديث الإمام على ( جبار القلوب على فطرتها شقيها وسعيدها )
    أى أنه أجبر القلوب شقيها وسعيدها على ما فطرها عليه من معرفته ،
    وقد تطلق كلمة الجبار على العبد مدحا له وذلك هو العبد المحبوب لله ،
    الذى يكون جبارا على نفسه
    جبارا على الشيطان ..
    محترسا من العصيان
    والجبار هو المتكبر ، والتكبر فى حق الله وصف محمود ،
    وفى حق العباد وصف مذموم"
11,المُتَكَبِّرُ,المتكبر: هو المتعالى عن صفات الخلق المنفرد بالعظمة والكبرياء.,"    المتكبر ذو الكبرياء
    هو كمال الذات وكمال الوجود والكبرياء والعظمة بمعنى واحد
    فلا كبرياء لسواه
    وهو المتفرد بالعظمة والكبرياء
    المتعالى عن صفات الخلق
    الذى تكبر عما يوجب نقصا أو حاجة
    أو المتعالى عن صفات المخلوقات بصفاته وذاته
    كل من رأى العظمة والكبرياء لنفسه على الخصوص دون غيره حيث يرى نفسه أفضل الخلق مع أن الناس فى الحقوق سواء
    كانت رؤيته كاذبة وباطلة إلا لله تعالى"
12,الخَالِقُ,الخالق: هو الفاطر المبدع لكل شيء، والمقدر له والموجد للأشياء من العدم، فهو خالق كل صانع وصنعته.,"    الخلق فى اللغة بمعنى الإنشاء
    أو النصيب لوافر من الخير والصلاح
    والخالق فى صفات الله تعالى هو الموجد للأشياء
    المبدع المخترع لها على غير مثال سبق
    وهو الذى قدر الأشياء وهى فى طوايا لعدم
    وكملها بمحض الجود والكرم
    وأظهرها وفق إرادته ومشيئته وحكمته
    والله الخالق من حيث التقدير أولا
    والبارىء للإيجاد وفق التقدير
    والمصور لترتيب الصور بعد الأيجاد
    ومثال ذلك الإنسان
    فهو أولا يقدر ما منه موجود
    فيقيم الجسد
    ثم يمده بما يعطيه الحركة والصفات التى تجعله إنسانا عاقلا"
13,البَارِىءُ,البارىء: هو الذي خلق الخلق بقدرته لا عن مثال سابق، القادر على إبراز ما قدره إلى الوجود.,"    البارئ: تقول اللغة البارىء من البرء
    وهو خلوص الشىء من غيره
    مثل أبرأه الله من مرضه .
    البارىء فىاسماء الله تعالى هو الذى خلق الخلق لا عن مثال
    والبرء أخص من الخلق فخلق الله السموات والأرض
    وبرأ الله النسمة كبرأ الله آدم من طين
    البارىء الذى يبرىء جوهر المخلوقات من الأفات
    وهو موجود الأشياء بريئة من التفاوت وعدم التناسق
    وهو معطى كل مخلوق صفته التى علمها له فى الأزل
    وبعض العلماء يقول ان اسم البارىء يدعى به للسلامة
 من الأفات ومن أكثر من ذكره نال السلامة من المكروه."
14,المُصَوِّرُ,المصور: هو الذي صور جميع الموجودات، ورتبها فأعطى كل شيء منها صورة خاصة، وهيئة منفردة، يتميز بها على اختلافها وكثرتها.,"    تقول اللغة التصوير هو جعل الشىء على صورة والصورة هى الشكل والهيئة
    المصور من أسماء الله الحسنى هو مبدع صور المخلوقات ومزينها بحكمته
    ومعطى كل مخلوق صورته على ما أقتضت حكمته الأزلية
    وكذلك صور الله الناس فى الأرحام أطوارا وتشكيل بعد تشكيل
    وكما قال الله نعالى ( ولقد خلقنا الإنسان من سلالة من طين ثم جعلناه نطفة فى قرار مكين
    ثم خلقنا النطفة علقة فخلقنا العلقة مضغة فخلقنا المضغة عظاما فكسونا العظام لحما ثم أنشأناه خلقا آخر فتبارك الله أحسن الخالقين )
    وكما يظهر حسن التصوير فى البدن تظهر حقيقة الحسن أتم وأكمل فى باب الأخلاق
    ولم يمن الله تعالى على رسوله صلى الله عليه وسلم كما من عليه بحسن الخلق حيث قال ( وإنك لعلى خلق عظيم )
    وكما تتعدد صور الابدان تتعدد صور الأخلاق والطباع"
15,الغَفَّارُ,الغفار: هو وحده الذي يغفر الذنوب ويستر العيوب في الدنيا والآخرة.,"    فى اللغة الغفر والغفران : الستر وكل شىء سترته فقد غفرته
    والغفار من أسماء الله الحسنى هى ستره للذنوب
    وعفوه عنها بفضله ورحمنه
    لا بتوبة العباد وطاعتهم
    وهو الذى اسبل الستر على الذنوب فى الدنيا وتجاوز عن عقوبتها فى الآخرة
    وهو الغافر والغفور والغفار
    والغفور أبلغ من الغافر
    والغفار أبلغ من الغفور
    وأن أول ستر الله على العبد أم جعل مقابح بدنه مستورة فى باطنه
    وجعل خواطره وارادته القبيحة فى أعماق قلبه وإلا مقته الناس
    فستر الله عوراته .
    وينبغى للعبد التأدب بأدب الإسم العظيم فيستر عيوب اخوانه ويغفو عنهم ومن الحديث
    من لزم الاستغفار جعل الله له من كل هم فرجا ومن كل ضيق مخرجا ورزقه من حيث لا يحتسب"
16,القَهَّارُ,القهار: هو الغالب الذي قهر خلقه بسلطانه وقدرته، وصرفهم على ما أراد طوعا وكرها، وخضع لجلاله كل شيء.,"    القهر فى اللغة هو الغلبة والتذليل معا
    وهو الإستيلاء على الشىء فىالظاهر والباطن
    والقاهر والقهار من صفات الله تعالى وأسمائه
    والقهار مبالغة فى القاهر فالله هو الذى يقهر خلقه بسلطانه وقدرته
    هو الغالب جميع خلقه رضوا أم كرهوا
    قهر الانسان على النوم
    واذا أراد المؤمن التخلق بخلق القهار فعليه أن يقهر نفسه حتى تطيع أوامر ربها و يقهر الشيطان و الشهوة و الغضب .
    روى أن أحد العارفين دخل على سلطان فرآه يذب ذبابة عن وجهه
    كلما طردها عادت
    فسال العارف : لم خلق الله الذباب ؟ فأجابه العارف : ليذل به الجبابرة"
17,الوَهَّابُ,الوهاب: هو المنعم على العباد، الذي يهب بغير عوض ويعطي الحاجة بغير سؤال، كثير النعم، دائم العطاء.,"
    الهبة أن تجعل ملكك لغيرك دون عوض
    ولها ركننان أحدهما التمليك
    والأخر بغير عوض
    والواهب هو المعطى
    والوهاب مبالغة من الوهب
    والوهاب والواهب من أسماء الله الحسنى
    يعطى الحاجة بدون سؤال
    ويبدأ بالعطية والله كثير النعم"
18,الرَّزَّاقُ,الرزاق: هو الذي خلق الأرزاق وأعطى كل الخلائق أرزاقها، ويمد كل كائن لما يحتاجه، ويحفظ عليه حياته ويصلحه.,"
    الرزاق من الرزق وهو معطى الرزق ولا تقال إلا لله تعالى .
    والأرزاق نوعان، ' ظاهرة ' للأبدان ' كالأكل و ' باطنة ' للقلوب والنفوس كالمعارف والعلوم
    والله اذا أراد بعبده خيرا رزقه علما هاديا ويدا منفقة متصدقة وإذا أحب عبدا أكثر حوائج الخلق اليه
    وإذا جعله واسطة بينه وبين عباده فى وصول الأرزاق اليهم نال حظا من اسم الرزاق
    قال النبى صلى الله عليه وسلم ( ما أحد أصبر على أذى سمعه من الله يدّعون له الولد ثم يعافيهم ويرزقهم )
    وأن من اسباب سعة الرزق المحافظة على الصلاة والصبر عليها"
19,الفَتَّاحُ,الفتاح: هو الذي يفتح مغلق الأمور، ويسهل العسير، وبيده مفاتيح السماوات والأرض.,"    الفتح ضد الغلق وهو أيضا النصر والاستفتاح هو الاستنصار
    والفتاح مباغة فى الفتح وكلها من أسماء الله تعالى
    الفتاح هو الذى بعنايته ينفتح كل مغلق
    وبهدايته ينكشف كل مشكل فتارة يفتح الممالك لأنبيائه
    وتارة يرفع الحجاب عن قلوب أوليائه ويفتح لهم الأبواب الى ملكوت سمائها
    ومن بيده مفاتيح الغيب ومفاتيح الرزق
    وسبحانه يفتح للعاصين أبواب مغفرته و يفتح أبواب الرزق للعباد"
20,العَلِيمُ,العليم: هو الذي يعلم تفاصيل الأمور، ودقائق الأشياء وخفايا الضمائر، والنفوس، لا يغرب عن ملكه مثقال ذرة، فعلمه يحيط بجميع الأشياء.,"    العليم لفظ مشتق من العلم
    وهوأدراك الشىء بحقيقته
    وسبحانه العليم هو المبالغ فى العلم
    فعلمه شامل لجميع المعلومات محيط بها
    سابق على وجودها
    لا تخفى عليه خافية ظاهرة وباطنة
    دقيقة وجليلة أوله وآخره
    عنده علم الغيب وعلم الساعة
    يعلم ما فى الأرحام
    ويعلم ما تكسب كل نفس
    ويعلم بأى أرض تموت .
    والعبد إذا أراد الله له الخير وهبه هبة العلم
    والعلم له طغيان أشد من طغيان المال ويلزم الأنسان الا يغتر بعلمه
    روى أن جبريل قال لخليل الله ابراهيم وهوفى محنته ( هل لك من حاجة ) فقال أبراهيم
    ( أما اليك فلا ) فقال له جبريل ( فاسأل الله تعالى ) فقال ابراهيم ( حسبى من سؤالى علمه بحالى ) .
    ومن علم أنه سبحانه وتعالى العليم أن يستحى من الله ويكف عن معاصيه ومن عرف أن الله عليم بحاله صبر على بليته وشكر عطيته وأعتذر عن قبح خطيئته"
21,القَابِضُ,القابض: هو الذي يقبض الرزق عمن يشاء من الخلق بعدله.,"    القبض هو الأخذ وجمع الكف على شىء و قبضه ضد بسطه
    الله القابض معناه الذى يقبض النفوس بقهره والأرواح بعدله والأرزاق بحكمته
    والقلوب بتخويفها من جلاله . والقبض نعمة من الله تعالى على عباده
    فإذا قبض الأرزاق عن انسان توجه بكليته لله يستعطفه
    وإذا قبض القلوب فرت داعية فى تفريج ما عندها
    فهو القابض الباسط
    وهناك أنواع من القبض الأول : القبض فى الرزق والثانى : القبض فى السحاب كما قال تعالى
    ( الله الذى يرسل السحاب فيبسطه فى السماء كيف يشاء ويجعله كسفا فترى الودق يخرج من خلاله فاذا أصاب به من يشاء من عباده اذا هم يستبشرون )
    الثالث : فى الظلال والأنوار والله يقول
    ( ألم ترى الى ربك كيف مد الظل ولو شاء لجعله ساكنا ثم جعلنا الشمس عليه دليلا ثم قبضناه الينا قبضا يسيرا )
    الرابع : قبض الأرواح الخامس : قبض الأرض قال تعالى
    ( وما قدروا الله حق قدره والأرض جميعا قبضته يوم القيامة والسموات مطويات بيمينه سبحانه وتعالى عما يشركون )
    السادس قبض الصدقات السابع: قبض القلوب"
22,البَاسِطُ," الباسط:هو الذي  يوسع الرزق لمن يشاء من عباده بجوده ورحمته.","    بسط بالسين أو بالصاد هى نشره ، ومده ، وسره ،
    الباسط من أسماء الله الحسنى معناه الموسع للأرزاق لمن شاء من عباده ،
    وأيضا هو مبسط النفوس بالسرور والفرح ،
    وقيل : الباسط الذى يبسط الرزق للضعفاء ،
    ويبسط الرزق للأغنياء حتى لا يبقى فاقة ،
    ويقبضه عن الفقراء حتى لا تبقى طاقة .
    يذكر اسم القابض والباسط معا ، لا يوصف الله بالقبض دون البسط ،
    يعنى لا يوصف بالحرمان دون العطاء ، ولا بالعطاء دون الحرمان"
23,الخَافِضُ,الخافض : هو الذي يخفض الأذلال لكل من طغى وتجبر وخرج على شريعته وتمرد.,"    الخفض ضد الرفع ، وهو الانكسار واللين
    الله الخافض الذى يخفض بالأذلال أقواما ويخفض الباطل
    والمذل لمن غضب عليه ، ومسقط الدرجات لمن استحق
    وعلى المؤمن أن يخفض عنده ابليس وأهل المعاصى
    وأن يخفض جناح الذل من الرحمة لوالديه والمؤمنين"
24,الرَّافِعُ,الرافع:هو الذي يرفع عباده المؤمنين بالطاعات وهو رافع السماوات.," الرافع سبحانه هو الذى يرفع اوليائه بالنصر
ويرفع الصالحين بالتقرب
ويرفع الحق ، ويرفع المؤمنين بالإسعاد
والرفع يقال تارة فى الأجسام الموضوعة إذا أعليتها عن مقرها
كقوله تعالى
( الذى رفع السموات بغير عمد ترونها )
وتارة فى البناء إذا طولته كقوله تعالى
( وإذ يرفع ابراهيم القواعد من البيت واسماعيل )
وتارة فى الذكر كقوله تعالى
( ورفعنا لك ذكرا ' )
وتارة فى المنزلة اذا شرفتها كقوله تعالى
ورفعنا بعضهم فوق بعض درجات "
25,المُعِزُّ,المعز : هو الذي يهب القوة والغلبة والشدة لمن شاء فيعزه.,"    المعز هو الذى يهب العز لمن يشاء
    الله العزيز لأنه الغالب القوى الذى لا يغلب
    وهوالذى يعز الأنبياء بالعصمة والنصر
    ويعز الأولياء بالحفظ والوجاهه
    ويعز المطيع ولو كان فقيرا
    ويرفع التقى ولو كان عبد حبشيا
    وقد اقترن اسم العزيز باسم الحكيم
    والقوى
    وذى الأنتقام
    والرحيم
    والوهاب
    والغفار والغفور
    والحميد
    والعليم
    والمقتدر
    والجبار
    وقد ربط الله العز بالطاعة
    فهى طاعة ونور وكشف حجاب
    وربط سبحانه الذل بالمعصية
    فهى معصية وذل وظلمة وحجاب بينك وبين الله سبحانه
    والأصل فى اعزاز الحق لعباده يكون بالقناعة
    والبعد عن الطمع"
26,المُذِلُّ,المذل:  هو اللذي ينزع القوة والغلبة والشدةعمن يشاء فيذله.,"    الذل ما كان عن قهر والدابة الذلول هى المنقادة غير متصعبة
    والمذل هو الذى يلحق الذل بمن يشاء من عباده
    إن من مد عينه الى الخلق حتى أحتاج اليهم
    وسلط عليه الحرص حتى لا يقنع بالكفاية
    واستدرجه بمكره حتى اغتر بنفسه فقد أذله وسلبه
    وذلك صنع الله تعالى
    يعز من يشاء ويذل من يشاء والله يذل الأنسان الجبار بالمرض أو بالشهوة أو بالمال أو بالاحتياج الى سواه
    ما أعز الله عبد بمثل ما يذله على ذل نفسه
    وما أذل الله عبدا بمثل ما يشغله بعز نفسه
    وقال تعالى ولله العزة ولرسوله وللمؤمنين"
27,السَّمِيعُ,السميع: هو الذي لا يخفى عليه شيء في الأرض ولا في السماء وهو السميع البصير.,"      الله هو السميع
    أى المتصف بالسمع لجميع الموجودات دون حاسة أو آلة
    هو السميع لنداء المضطرين
    وحمد الحامدين  وخطرات القلوب وهواجس النفوس
    و مناجاة الضمائر ويسمع كل نجوى
    ولا يخفى عليه شىء فى الأرض أو فى السماء
    لا يشغله نداء عن نداء
    ولا يمنعه دعاء عن دعاء
    وقد يكون السمع بمعنى القبول كقول النبى عليه الصلاة والسلام :
    اللهم إنى أعوذ بك من قول لا يسمع
    أو يكون بمعنى الإدراك كقوله تعالى قد سمع الله قول التى تجادلك فى زوجها .
    أو بمعنى فهم وعقل مثل قوله تعالى
    لا تقولوا راعنا قولوا نظرنا واسمعوا
    أو بمعنى الانقياد كقوله تعالى
    سماعون للكذب
    وينبغى للعبد أن يعلم أن الله لم يخلق له السمع إلا ليسمع كلام الله الذى أنزله على نبيه فيستفيد به الهداية
    إن العبد إذا تقرب الى ربه بالنوافل أحبه الله فأفاض على سمعه نورا تنفذ به بصيرته الى ما وراء المادة"
28,البَصِيرُ,البصير: هو الذي يرى الأشياء كلها ظاهرها وباطنها وهو المحيط بكل المبصرات.,"    البصر هو العين
    أو حاسة الرؤية
    والبصيرة عقيدة القلب
    والبصير هو الله تعالى
    يبصر خائنة الأعين وما تخفى الصدور
    الذى يشاهد الأشياء كلها
    ظاهرها وخافيها
    البصير لجميع الموجدات دون حاسة أو آلة
    وعلى العبد أن يعلم أن الله خلق له البصر لينظر به الى الآيات وعجائب الملكوت ويعلم أن الله يراه ويسمعه وقال رسول الله صلى الله عليه وسلم :
    ( الإحسان أن تعبد الله كأنك تراه فإن لم تره فإنه يراك )
    روى أن بعض الناس قال لعيسى بن مريم عليه السلام: هل أجد من الخلق مثلك
    فقال : من كان نظره عبرة
    ويقظته فكره
    وكلامه ذكرا فهو مثلى"
29,الحَكَمُ,الحكم: هو الذي يفصل بين مخلوقاته بما شاء ويفصل بين الحق والباطل لا راد لقضائه ولا معقب لحكمه.,"
    الحكم لغويا بمعنى المنع
    والحكم اسم من السماء الله الحسنى
    هو صاحب الفصل بين الحق والباطل
    والبار والفاجر
    والمجازى كل نفس بما عملت
    والذى يفصل بين مخلوقاته بما شاء
    المميز بين الشقى والسعيد بالعقاب والثواب .
    والله الحكم لا راد لقضائه
    ولا راد لقضائه ولا معقب لحكمه
    لا يقع فى وعده ريب ولا فى فعله غيب
    وقال تعالى : واتبع ما يوحى اليك واصبر حتى يحكم الله وهو خير الحاكمين
    قال الرسول عليه الصلاة والسلام : ( من عرف سر الله فى القدر هانت عليه المصائب )
    وحظ العبد من هذا الاسم الشريف أن تكون حاكما على غضبك فلا تغضب على من أساء اليك
    وأن تحكم على شهوتك إلا ما يسره الله لك
    ولا تحزن على ما تعسر وتجعل العقل تحت سلطان الشرع
    ولا تحكم حكما حتى تأخذ الأذن من الله تعالى الحكم العدل"
30,العَدْلُ,العدل: هو الذي حرم الظلم على نفسه، وجعله على عباده محرما، فهو المنزه عن الظلم والجور في أحكامه وأفعاله الذي يعطي كل ذي حق حقه.,"    العدل من أسماء الله الحسنى
    هو المعتدل
    يضع كل شىء موضعه
    لينظر الأنسان الى بدنه فإنه مركب من أجسام مختلفة هى:
    العظم
    اللحم الجلد
    وجعل العظم عماد
    واللحم صوانا له
    والجلد صوانا للحم
    فلو عكس الترتيب وأظهر ما أبطن لبطل النظام
    قال تعالى ( بالعدل قامت السموات والأرض )
    هو العدل الذى يعطى كل ذى حق حقه
    لا يصدر عنه إلا العدل
    فهو المنزه عن الظلم والجور فى أحكامه وأفعاله
    وقال تعالى ( وإذا حكمتم بين الناس أن تحكموا بالعدل )
    وحظ العبد من اسم العدل أن يكون وسطا بين طرفى الأفراط والتفريط
    ففى غالب الحال يحترز عن التهور الذى هو الأفراط
    والجبن الذى هو التفريط ويبقى على الوسط الذى هو الشجاعة
    وقال تعالى ( وكذلك جعلناكم أمة وسطا لتكونوا شهداء على الناس ) الآية"
31,اللَّطِيفُ,اللطيف: هو البر الرفيق بعباده، يرزق وييسر ويحسن إليهم، ويرفق بهم ويتفضل عليهم.,"    اللطيف فى اللغة لها ثلاث معانى الأول : أن يكون عالما بدقائق الأمور
    الثانى : هو الشىء الصغير الدقيق
    الثالث : أطيف إذا رفق به وأوصل اليه منافعه التى لا يقدر على الوصول اليها بنفسه .
    واللطيف بالمعنى الثانى فى حق الله مستحيل
    وقوله تعالى ( الله لطيف بعباده ) يحتمل المعنين الأول والثالث
    وإن حملت الآية على صفة ذات الله كانت تخويفا لأنه العالم بخفايا المخالفات بمعنى قوله تعالى
    ( يعلم خائنة الأعين وما تخفى الصدور ) .
    والله هو اللطيف الذى اجتمع له الرفق فى العقل
    والعلم بدقائق الأمور وإيصالها لمن قدرها له من خلقه
    فى القرآن فى أغلب الأحيان يقترن اسم اللطيف باسم الخبير فهما يتلاقيان فى المعنى"
32, الخَبِيرُ,الخبير: هو العليم بدقائق الأمور، لا تخفى عليه خافية، ولا يغيب عن علمه شيء فهو العالم بما كان ويكون.,"    الله هو الخبير
    الذى لا يخفى عليه شىء فى الأرض ولا فى السماء
    ولا تتحرك حركة إلا يعلم مستقرها ومستودعها .
    والفرق بين العليم والخبير
    أن الخبير بفيد العلم
    ولكن العليم إذا كان للخفايا سمى خبيرا .
    ومن علم أن الله خبير بأحواله كان محترزا فى أقواله وأفعاله واثقا أن ما قسم له يدركه
    وما لم يقسم له لا يدركه فيرى جميع الحوادث من الله فتهون عليه الأمور
    ويكتفى بأستحضار حاجته فى قلبه من غير أن ينطق لسانه"
33, الحَلِيمُ,الحليم: هو الصبور الذي يمهل ولا يهمل، ويستر الذنوب، ويؤخر العقوبة، فيرزق العاصي كما يرزق المطيع.,"
    الحليم لغويا : الأناة والتعقل
    والحليم هو الذى لا يسارع بالعقوبة
    بل يتجاوز الزلات ويعفو عن السيئات
    الحليم من أسماء الله الحسنى بمعنى تأخيره العقوبة عن بعض المستحقين ثم يعذبهم وقد يتجاوز عنهم
    وقد يعجل العقوبة لبعض منهم وقال تعالى ( ولو يؤاخذ الله الناس بما كسبوا ما ترك على ظهرها من دابة ) .
    وقال تعالى عن سيدنا إبراهيم ( إن ابراهيم لحليم آواه منيب )
    وعن إسماعيل ( فبشرناه بغلام حليم ) .
    وروى أن إبراهيم عليه السلام رأى رجلا مشتغلا بمعصية فقال ( اللهم أهلكه )
    فهلك
    ثم رأى ثانيا وثالثا فدعا فهلكوا
    فرأى رابعا فهم بالدعاء عليه فأوحى الله اليه : قف يا إبراهيم فلو أهلكنا كل عبد عصا ما بقى إلا القليل
    ولكن إذا عصى أمهلناه فإن تاب قبلناه
    وإن أصر أخرنا العقاب عنه
    لعلمنا أنه لا يخرج عن ملكنا
"
34,العَظِيمُ,العظيم: هو الذي ليس لعظمته بداية ولا لجلاله نهاية، وليس كمثله شيء.,"    العظيم لغويا بمعنى الضخامة والعز والمجد والكبرياء
    والله العظيم أعظم من كل عظيم لأن العقول لا يصل الى كنة صمديته
    والأبصار لا تحيط بسرادقات عزته وكل ما سوى الله فهو حقير بل كالعدم المحض وقال تعالى ( فسبح باسم ربك العظيم ) وقد كان النبى صلى الله عليه وسلم يدعو عند الكرب : ( لا إله إلا الله العظيم لا إله إلا الله رب العرش العظيم
    لا إله إلا الله رب السماوات ورب العرش العظيم ) . قال تعالى : ( ذلك ومن يعظم شعائر الله فإنها من تقوى القلوب )
    وحظ العبد من هذا الاسم أن من يعظم حرمات الله ويحترم شعائر الدين
    ويوقر كل ما نسب الى الله فهو عظيم عند الله وعند عباده"
35,الغَفُورُ,الغفور: هو الساتر لذنوب عباده المتجاوز عن خطاياهم وذنوبهم.,"
    الغفور من الغفر وهو الستر والله هو الغفور بغفر فضلا وإحسانا منه
    هو الذى إن تكررت منك الإساءة وأقبلت عليه فهو غفارك وساترك لتطمئن قلوب العصاة وتسكن نفوس المجرمين
    ولا يقنط مجرم من روح الله فهو غافر الذنب وقابل التوبة
    والغفور .. هو من يغفر الذنوب العظام والغفار .. هو من يغفر الذنوب الكثيرة .
    وعلم النبى صلى الله عليه وسلم ابو بكر الصديق الدعاء الأتى : اللهم إنى ظلمت نفسى ظلما كثيرا
    ولا يغفر الذنوب إلا أنت
    فأغفر لى مغفرة من عندك وارحمنى إنك انت الغفور الرحيم
"
36,الشَّكُورُ,الشكور: هو الذي يزكو عنده القليل من أعمال العباد، فيضاعف لهم الجزاء، وشكره لعباده مغفرته لهم.,"    الشكر فى اللغة هى الزيادة
    يقال شكر فى الأرض إذا كثر النبات فيها
    والشكور هو كثير الشكر
    والله الشكور الذى ينمو عنده القليل من أعمال العبد فيضاعف له الجزاء
    وشكره لعبده هى مغفرته له يجازى على يسير الطاعات بكثير الخيرات
    ومن دلائل قبول الشكر من العبد الزيادة فى النعمة
    وقال تعالى ( لئن شكرتم لأزيدنكم ولئن كفرتم إن عذابى لشديد )
    والشكر من الله معناه أنه تعالى قادرا على إثابة المحسنين وهو لا يضيع أجر من أحسن عملا
"
37,العَلِيُّ,العلي: هو الرفيع القدر فلا يحيط به وصف الواصفين المتعالي عن الأنداد والأضداد، فكل معاني العلو ثابتة له ذاتا وقهرا وشأنا.,"    العلو هو ارتفاع المنزلة
    والعلى من أسماء التنزيه
    فلا تدرك ذاته ولا تتصور صفاته أو ادراك كماله والفرق بين العلى ..
    والمتعالى أن العلى هو ليس فوقه شىء فى المرتبة أو الحكم
    والمتعالى هو الذى جل عن إفك المفترين
    والله سبحانه هو الكامل على الإطلاق فكان أعلى من الكل
    وحظ العبد من الاسم هو ألا يتصور أن له علوا مطلقا حيث أن أعلى درجات العلو هى للأنبياء
    والملائكة وعلى العبد أن يتذلل بين يدى الله تعالى فيرفع شأنه ويتعالى عن صغائر الأمور
"
38,الكَبِيرُ,الكبير: هو العظيم الجليل ذو الكبرياء في صفاته وأفعاله فلا يحتاج إلى شيء ولا يعجزه شيء (ليس كمثله شيء).,"    الكبير هو العظيم
    والله تعالى هو الكبير فى كل شىء على الإطلاق وهوالذى مبر وعلا فى 'ذاته ' و 'صفاته ' و 'افعاله '
    عن مشابهة مخلوقاته وهو صاحب كمال الذات الذى يرجع الى شيئين الأول : دوامه أزلا وأبدا
    والثانى :أن وجوده يصدر عنه وجود كل موجود وجاء اسم الكبير فى القرآن خمسة مرات .
    أربع منهم جاء مقترنا باسم (العلى ) . والكبير من العباد هو التقى المرشد للخلق
    الصالح ليكون قدوة للناس
    يروى أن المسيح عليه السلام قال : من علم وعمل فذلك يدعى عظيما فى ملكوت السموات
"
39,الحَفِيظُ,الحفيظ: هو الذي لا يغرب عن حفظه شيء ولو كمثقال الذر فحفظه لا يتبدل ولا يزول ولا يعتريه التبديل.,"    الحفيظ فى اللغة هى صون الشىء من الزوال
    والله تعالى حفيظ للأشياء بمعنى أولا :أنه يعلم جملها وتفصيلها علما لا يتبدل بالزوال
    وثانيا :هو حراسة ذات الشىء وجميع صفاته وكمالاته عن العدم وقال رسول الله صلى الله عليه وسلم ( إذا أويت الى فراشك فأقرأ آية الكرسى لايزال عليك الله حارس )
    وحظ العبد من الاسم أن يحافظ على جوارحه من المعاصى
    وعلى قلبه من الخطرات وأن يتوسط الأمور كالكرم بين الاسراف والبخل
"
40, المُقِيتُ,المقيت: هو المتكفل بإيصال أقوات الخلق إليهم وهو الحفيظ والمقتدر والقدير والمقدر والممدد.,"    القوت لغويا هو مايمسك الرمق من الرزق
    والله المقيت بمعنى هو خالق الأقوات وموصلها للأبدان وهى:الأطعمة والى القلوب وهى :المعرفة
    وبذلك يتطابق مع اسم الرزاق ويزيد عنه أن المقيت بمعنى المسئول عن الشىء بالقدرة والعلم
    ويقال أن الله سبحانه وتعالى جعل أقوات عباده مختلفة فمنهم من جعل قوته الأطعمة والأشربة وهم:الآدميون والحيوانات
    ومنهم من جعل قوته الطاعة والتسبيح وهم:الملائكة
    ومنهم من جعل قوته المعانى والمعارف والعقل وهم الأرواح
    وحظ العبد من الاسم ألا تطلب حوائجك كلها إلا من الله تعالى لأن خزائن الأرزاق بيده
    ويقول الله لموسى فى حديثه القدسى : يا موسى اسألنى فى كل شىء حتى شراك نعلك وملح طعامك
"
41,الحَسِيبُ,الحسيب: هو الكافي الذي منه كفاية العباد وهو الذي عليه الإعتماد يكفي العباد بفضله.,"    الحسيب فى اللغة هو المكافىء .والاكتفاء .والمحاسب . والشريف الذى له صفات الكمال
    والله الحسيب بمعنى الذى يحاسب عباده على أعمالهم
    والذى منه كفاية العباده وعليه الاعتماد
    وهو الشرف الذى له صفات الكمال والجلال والجمال .
    ومن كان له الله حسيبا كفاه الله
    ومن عرف أن الله تعالى يحاسبه فإن نفسه تحاسبه قبل أن يحاسب
"
42,الجَلِيلُ,الجليل: هو العظيم المطلق المتصف بجميع صفات الكمال والمنعوت بكمالها المنزه عن كل نقص.,"    الجليل هو الله
    بمعنى الغنى والملك والتقدس والعلم والقدرة والعزة والنزاهة
    إن صفات الحق أقسام صفات جلال : وهى العظمة والعزة والكبرياء والتقديس وكلها ترجع الى الجليل
    وصفات جمال : وهى اللطف والكرم والحنان والعفو والإحسان وكلها ترجع الى الجميل
    وصفات كمال : وهى الأوصاف التى لا تصل اليها العقول والأرواح مثل القدوس
    وصفات ظاهرها جمال وباطنها جلال مثل المعطى
    وصفات ظاهرها جلال وباطنها جمال مثل الضار
    والجليل من العباد هو من حسنت صفاته الباطنة أما جمال الظاهر فأقل قدرا
"
43,الكَرِيمُ,الكريم: هو الكثير الخير الجواد المعطي الذي لا ينفذ عطاؤه وهو الكريم المطلق الجامع لأنواع الخير والشرف والفضائل المحمود بفعاله.,"    الكريم فى اللغة هو الشىء الحسن النفيس وهو أيضا السخى النفاح
    والفرق بين الكريم والسخى أن الكريم هو كثير الإحسان بدون طلب والسخى هو المعطى عند السؤال
    والله سمى الكريم وليس السخى فهو الذى لا يحوجك الى سؤال ولا يبالى من أعطى
    وقيل هو الذى يعطى ما يشاء لمن يشاء وكيف يشاء بغير سؤال
    ويعفو عن السيئات ويخفى العيوب ويكافىء بالثواب الجزيل العمل القليل
    وكرم الله واسع حيث قال رسول الله صلى الله عليه وسلم ( إنى لأعلم آخر أهل الجنة دخولا الجنة
    وآخر أهل النار خروجا منها رجلا يؤتى فيقال اعرضوا عليه صغار ذنوبه
    فيقال عملت يوم كذا ..كذا وكذا
    وعملت يوم كذا..كذا وكذا فيقول نعم لا يستطيع أن ينكر وهو مشفق من كبار ذنوبه أن تعرض عليه
    فيقال له :فإن لك مكان كل سيئة حسنة فيقول : رب قد عملت أشياء ما أراها هنا )
    وضحك الرسول صلى الله عليه وسلم حتى بدت نواجذه
"
44,الرَّقِيبُ,الرقيب: هو الرقيب الذي يراقب أحوال العباد ويعلم أقوالهم ويحصي أعمالهم وهو الحافظ الذي لا يغيب عنه شيء.,"    الرقيب فى اللغة هو المنتظر والراصد
    والرقيب هو الله الحافظ الذى لا يغيب عنه شىء
    ويقال للملك الذى يكتب أعمال العباد ( رقيب )
    وقال تعالى ( ما يلفظ من قول إلا لديه رقيب عتيد )
    الله الرقيب الذى يرى أحوال العباد ويعلم أقوالهم
    ويحصى أعمالهم
    يحيط بمكنونات سرائرهم
    والحديث النبوى يقول ( الاحسان أن تعبد الله كأنك تراه
    فإن لم تكن تراه فإنه يراك )
    وحظ العبد من الاسم أن يراقب نفسه وحسه
    وأن يجعل عمله خالص لربه بنية طاهرة
"
45,المُجِيبُ,المجيب: هو الذي يقابل الدعاء والسؤال بالعطاء والقبول ولا يسأل سواه.,"    المجيب فى اللغة لها معنيان
    الأول الأجابة
    والثانى أعطاء السائل مطلوبه
    وفى حق الله تعالى المجيب هو مقابلة دعاء الداعين بالاستجابة
    وضرورة المضطرين بالكفاية
    المنعم قبل النداء
    ربما ضيق الحال على العباد ابتلاء رفعا لدرجاتهم بصبرهم وشكرهم فى السراء والضراء
    والرسول عليه الصلاة والسلام قال : ( أدع الله وأنتم موقنون من الأجابة)
    وقد ورد أن اثنين سئلا الله حاجة وكان الله يحب أحدهما ويكره الآخر فأوحى الله لملائكته أن يقضى حاجة البغيض مسرعا حتى يكف عن الدعاء
    لأن الله يبغض سماع صوته
    وتوقف عن حاجة فلان لأنى أحب أن أسمع صوته
"
46,الوَاسِعُ,الواسع: هو الذي وسع رزقه جميع خلقه وسعت رحمته كل شيء المحيط بكل شيء.,"    الواسع مشتق من السعة
    تضاف مرة الى العلم اذا اتسع
    وتضاف مرة أخرى الى الإحسان وبسط النعم
    الواسع المطلق هو الله تبارك وتعالى اذا نظرنا الى علمه فلا ساحل لبحر معلوماته
    واذا نظرنا الى إحسانه ونعمه فلا نهاية لمقدوراته
    وفى القرآن الكريم اقترن اسم الواسع بصفة العليم
    ونعمة الله الوتسع نوعان : نعمة نفع وهى التى نراها من نعمته علينا
    ونعمة دفع وهى ما دفعه الله عنا من انواع البلاء
    وهى نعمة مجهولة وهى أتم من نعمة النفع
    وحظ العبد من الاسم أن يتسع خلقك ورحمتك عباد الله فى جميع الأحوال
"
47,الحَكِيمُ,الحكيم: هو المحق في تدبيره اللطيف في تقديره الخبير بحقائق الأمور العليم بحكمه المقدور فجميع خلقه وقضاه خير وحكمة وعدل.,"    الحكيم صيغة تعظيم لصاحب الحكمة
    والحكيم فى حق الله تعالى بمعنى العليم بالأشياء وإيجادها على غاية الإحكام والأتقان والكمال الذى يضع الأشياء فى مواضعه
    ويعلم خواصها ومنافعها
    الخبير بحقائق الأمور ومعرفة أفضل المعلومات بأفضل العلوم
    والحكمة فى حق العباد هى الصواب فى القول والعمل بقدر طاقة البشر
"
48,الوَدُودُ,الودود: هو المحب لعباده، والمحبوب في قلوب أوليائه.,"    الود .. والوداد بمعنى الحب والصداقة
    والله تعالى ودود..أى يحب عباده ويحبونه
    والودود بثلاث معان الأول : أن الله مودود فى قلوب اوليائه
    الثانى : بمعنى الوادّ وبهذا يكون قريب من الرحمة
    والفرق بينهما أن الرحمة تستدعى مرحوم محتاج ضعيف
    الثالث: أن يحب الله اوليائه ويرضى عنهم .
    وحظ العبد من الاسم أن يحب الخير لجميع الخلق
    فيحب للعاصى التوبة وللصالح الثبات
    ويكون ودودا لعباد الله فيعفو عمن أساء اليه ويكون لين الجانب لجميع الناس وخاصة اهله وعشيرته وكما حدث لسيدنا رسول الله صلى الله عليه وسلم حين كسرت رباغيته وأدمى وحهه فقال ( اللهم اهد قومى فإنهم لا يعلمون )
    فلم يمنعه سوء صنيعهم عن أرادته الخير لهم
"
49,المَجِيدُ,المجيد: هو البالغ النهاية في المجد، الكثير الإحسان الجزيل العطاء العظيم البر.,"    اللغة تقول أن المجد هو الشرف والمروءة والسخاء
    والله المجيد يدل على كثرة إحسانه وأفضاله
    الشريف ذاته
    الجميل افعاله
    الجزيل عطاؤه
    البالغ المنتهى فى الكرم
    وقال تعالى ( ق والقرآن المجيد ) أى الشريف والمجيد لكثرة فوائده لكثرة ما تضمنه من العلوم والمكارم والمقاصد العليا
    واسم المجيد واسم الماجد بمعنى واحد فهو تأكيد لمعنى الغنى
    وحظ العبد من الاسم أن يكون كريما فى جميع الأحوال مع ملازمة الأدب
"
50,البَاعِثُ,الباعث: هو باعث الخلق يوم القيامة، وباعث رسله إلى العباد، وباعث المعونة إلى العبد.,"    الباعث فى اللغة هو أثارة أو أرسله أو الأنهاض
    والباعث فى حق الله تعالى لها عدة معان الأول : أنه باعث الخلق يوم القيامة
    الثانى : أنه باعث الرسل الى الخلق
    الثالث: أنه يبعث عباده على الفعال المخصوصة بخلقه للأرادة والدواعى فى قلوبهم
    الرابع : أنه يبعث عباده عند العجز بالمعونة والإغاثة وحظ العبد من الاسم أن يبعث نفسه كما يريد مولاه فعلا وقولا فيحملها على ما يقربها من الله تعالى لترقى النفس وتدنو من الكمال
"
51,الشَّهِيدُ,الشهيد: هو الحاضر الذي لا يغيب عنه شيء، فهو المطلع على كل شيء مشاهد له عليم بتفاصيله.,"    شهد فى اللغة بمعنى حضر وعلم وأعلم
    و الشهيد اسم من أسماء الله تعالى بمعنى الذى لا يغيب عنه شىء فى ملكه فى الأمور الظاهرة المشاهدة
    إذا اعتبر العلم مطلقا فالله هو العليم
    وإذا أضيف الى الأمور الباطنة فهو الخبير
    وإذا أضيف الى الأمور الظاهرة فهو الشهيد
    والشهيد فى حق العبد هى صفة لمن باع نفسه لربه
    فالرسول صلى الله عليه وسلم شهيد
    ومن مات فى سبيل الله شهيد
    اللهم امنحنا الشهادة فى سبيل جهاد النفس والهوى فهو الجهاد الأكبر
    واقتل أنفسنا بسيف المحبة حتى نرضى بالقدر
    واجعلنا شهداء لأنوارك فى سائر اللحظات
"
52,الحَقُّ,الحق: هو الذي يحق الحق بكلماته ويؤيد أولياءه فهو المستحق للعبادة.,"    الحق هو الله هو الموجود حقيقة
    موجود على وجه لا يقبل العدم ولا يتغير والكل منه واليه
    فالعبد إن كان موجودا فهو موجود بالله
    لا بذات العبد
    فالعبد وإن كان حقا ليس بنفسه بل هو حق بالله
    وهو بذاته باطل لولا إيجاد الله له
    ولا وجود للوجود إلا به
    وكل شىء هالك إلا وجه الله الكريم
    الله الثابت الذى لا يزول
    المتحقق وجوده أزلا وأبدا
    وتطلق كلمة الحق أيضا على القرآن ..والعدل ..والأسلام .. والصدق
    ووصف الحق لا يتحلى به أحد من الخلق إلا على سبيل الصفة المؤقتة
    وسيزول كل ملك ظاهر وباطن بزوال الدنيا ويبقى ملك المولى الحق وحده
"
53,الوَكِيلُ,الوكيل: هو الكفيل بالخلق القائم بأمورهم فمن توكل عليه تولاه وكفاه، ومن استغنى به أغناه وأرضاه.,"    تقول اللغة أن الوكيل هو الموكول اليه أمور ومصالح غيره
    الحق من أسماء الله تعالى تفيض بالأنوار
    فهو الكافى لكل من توكل عليه
    القائم بشئون عباده
    فمن توكل عليه تولاه وكفاه
    ومن استغنى به أغناه وأرضاه .
    والدين كله على أمرين
    أن يكون العبد على الحق فى قوله وعمله ونيته
    وأن يكون متوكلا على الله واثقا به فالدين كله فى هذين المقامين
    فالعبد آفته إما بسبب عدم الهداية وإما من عدم التوكل
    فإذا جمع الهداية الى التوكل فقد جمع الإيمان كله
"
54,القَوِيُّ,القوي: هو صاحب القدرة التامة البالغة الكمال غالب لا يغلب فقوته فوق كل قوة.,"    هذان الأسمان بينهما مشاركة فى أصل المعنى
    القوة تدل على القدرة التامة
    والمتانة تدل على شدة القوة والله القوى صاحب القدرة التامة البالغة الكمال
    والله المتين شديد القوة والقدرة والله متم قدره وبالغ أمره واللائق بالأنسان أن لا يغتر بقوته
    بل هو مطالب أن يظهر ضعفه أمام ربه
    كما كان يفعل عمر الفاروق حين يدعو ربه فيقول : ( اللهم كبرت سنى وضعفت قوتى ) لأنه لا حول ولا قوة إلا بالله
    هو ذو القوة أى صاحبها وواهبها
    وهذا لا يتعارض مع حق الله أن يكون عباده أقوياء بالحق وفي الحق وبالحق
"
55,المَتِينُ,المتين: هو الشديد الذي لا يحتاج في إمضاء حكمه إلى جند أو مدد ولا إلى معين.,"    هذان الأسمان بينهما مشاركة فى أصل المعنى
    القوة تدل على القدرة التامة
    والمتانة تدل على شدة القوة والله القوى صاحب القدرة التامة البالغة الكمال
    والله المتين شديد القوة والقدرة والله متم قدره وبالغ أمره واللائق بالأنسان أن لا يغتر بقوته
    بل هو مطالب أن يظهر ضعفه أمام ربه
    كما كان يفعل عمر الفاروق حين يدعو ربه فيقول : ( اللهم كبرت سنى وضعفت قوتى ) لأنه لا حول ولا قوة إلا بالله
    هو ذو القوة أى صاحبها وواهبها
    وهذا لا يتعارض مع حق الله أن يكون عباده أقوياء بالحق وفي الحق وبالحق
"
56,الوَلِيُّ,الولي: هو المحب الناصر لمن أطاعه، ينصر أولياءه، ويقهر أعداءه، والمتولي الأمور الخلائق ويحفظهم.,"
    الولى فى اللغة هو الحليف والقيم بالأمر
    والقريب و الناصر والمحب والولى أولا : بمعنى المتولى للأمر كولى اليتيم
    وثانيا : بمعنى الناصر والناصر للخلق فى الحقيقة هو الله تبارك وتعالى
    ثالثا : بمعنى المحب وقال تعالى ( الله ولى الذين آمنوا ) أى يحبهم
    رابعا : بمعنى الوالى أى المجالس وموالاة الله للعبد محبته له
    والله هو المتولى أمر عباده بالحفظ والتدبير
    ينصر أولياءه
    ويقهر أعدائه
    يتخذه المؤمن وليا فيتولاه بعنايته
    ويحفظه برعايته
    ويختصه برحمته
    وحظ العبد من اسم الولى أن يجتهد فى تحقيق الولاية من جانبه
    وذلك لا يتم إلا بلإعراض عن غير الله تعالى
    والأقبال كلية على نور الحق سبحانه وتعالى
"
57,الحَمِيدُ,الحميد: هو المستحق للحمد والثناء، الذي لا يحمد على مكروه سواه.,"
    الحميد لغويا هو المستحق للحمد والثناء
    والله تعالى هو الحميد بحمده نفسه أزلا
    وبحمده عباده له أبدا
    الذى يوفقك بالخيرات ويحمدك عليها
    ويمحو عنك السيئات
    ولا يخجلك لذكرها
    وان الناس منازل فى حمد الله تعالى
    فالعامة يحمدونه على إيصال اللذات الجسمانية
    والخواص يحمدونه على إيصال اللذات الروحانية
    والمقربون يحمدونه لأنه هو لا شىء غيره
    ولقد روى أن داود عليه السلام قال لربه ( إلهى كيف اشكرك وشكرى لك نعمة منك علىّ ؟ ) فقال الأن شكرتنى
    والحميد من العباد هو من حسنت عقيدته وأخلاقه وأعماله وأقواله
    ولم تظهر أنوار اسمه الحميد جلية فى الوجود إلا فى رسول الله صلى الله عليه وسلم
"
58,المُحْصِي,المحصي: هو الذي أحصى كل شيء بعلمه، فلا يفوته منها دقيق ولا جليل.,"
    المحصى لغويا بمعنى الإحاطة بحساب الأشياء وما شأنه التعداد
    الله المحصى الذى يحصى الأعمال ويعدها يوم القيامة
    هو العليم بدقائق الأمور واسرار المقدور
    هو بالمظاهر بصير
    وبالباطن خبير هو المحصى للطاعات
    والمحيط لجميع الحالات
    واسم المحصى لم يرد بالأسم فى القرآن الكريم
    ولكن وردت مادته فى مواضع
    ففى سورة النبأ ( وكل شىء أحصيناه كتابا )
    وحظ العبد من الاسم أن يحاسب نفسه
    وأن يراقب ربه فى أقواله وأفعاله
    وأن يشعل وقته بذكر أنعام الله عليه
    ( وان تعدوا نعمة الله لا تحصوها) الآية
"
59,المُبْدِىءُ,المبدىء: هو الذي أنشأ الأشياء واخترعها ابتداء من غير سابق مثال.,"    المبدىء لغويا بمعنى بدأ وابتدأ
    والأيات القرآنية التى فيها ذكر لاسم المبدىء والمعيد قد جمعت بينهما
    والله المبدىء هو المظهر الأكوان على غير مثال
    الخالق للعوالم على نسق الكمال
    وأدب الأنسان مع الله المبدىء يجعله يفهم أمرين أولهما أن جسمه من طين وبداية هذا الهيكل من الماء المهين
    ثانيهما أن روحه من النور ويتذكر بدايته الترابية ليذهب عنه الغرور
"
60,المُعِيدُ,المعيد: هو الذي يعيد الخلق بعد الحياة إلى الممات في الدنيا، وبعد الممات إلى الحياة يوم القيامة.,"    معيد لغويا هو الرجوع الى الشىء بعد الانصراف عنه
    وفى سورة القصص ( ان الذى فرض عليك القرآن لرادك الى معاد )
    أى يردك الى وطنك وبلدك
    والميعاد هو الآخرة
    والله المعيد الذى يعيد الخلق بعد الحياة الى الممات
    ثم يعيدهم بعد الموت الى الحياة
    ومن يتذكر العودة الى مولاه صفا قلبه
    ونال مناه
    والله بدأ خلق الناس
    ثم هو يعيدهم أى يحشرهم
    والأشياء كلها منه بدأت واليه تعود
"
61,المُحْيِي,المحيي: هو خالق الحياة ومعطيها لمن شاء، يحيي الخلق من العدم ثم يحييهم بعد الموت.,"    الله المحيى الذى يحيى الأجسام بإيجاد الأرواح فيها
    وهو محي الحياة ومعطيها لمن شاء
    ويحيى الأرواح بالمعارف
    ويحيى الخلق بعد الموت يوم القيامة
    وأدب المؤمن أن يكثر من ذكر الله خاصة فى جوف الليل حتى يحيى الله قلبه بنور المعرفة
"
62,المُمِيتُ,المميت: هو مقدر الموت على كل من أماته ولا مميت سواه، قهر عباده بالموت متى شاء وكيف شاء.,"    والله المميت والموت ضد الحياة
    وهو خالق الموت وموجهه على من يشاء من الأحياء متى شاء وكيف شاء
    ومميت القلب بالغفلة
    والعقل بالشهوة .
    ولقد روى أن الرسول صلى الله عليه وسلم كان من دعائه اذا أوى الى فراشه ( اللهم باسمك أحيا وباسمك أموت )
    وإذا أصبح قال : الحمد لله الذى أحيانا بعدما أماتنا وإليه النشور
"
63,الحَيُّ,الحي: هو المتصف بالحياة الأبدية التي لا بداية لها ولا نهاية فهو الباقي أزلا وأبدا وهو الحي الذي لا يموت.,"    الحياة فى اللغة هى نقيض الموت
    و الحى فى صفة الله تعالى هو الباقى حيا بذاته أزلا وأبدا
    والأزل هو دوام الوجود فى الماضى
    والأبد هو دوام الوجود فى المستقبل
    والأنس والجن يموتون
    وكل شىء هالك إلا وجهه الكريم
    وكل حى سواه ليس حيا بذاته إنما هو حى بمدد الحى
    وقيل إن اسم الحى هو اسم الله الأعظم
"
64,القَيُّومُ,القيوم: هو القائم بنفسه، الغني عن غيره، وهو القائم بتدبير أمر خلقه في إنشائهم ورزقهم.,"    اللغة تقول أن القيوم و السيد
    والله القيوم بمعنى القائم بنفسه مطلقا لا بغيره
    ومع ذلك يقوم به كل موجود
    ولا وجود أو دوام وجود لشىء إلا به
    المدبر المتولى لجميع الأمور التى تجرى فى الكون
    هو القيوم لأنه قوامه بذاته وقوام كل شىء به
    والقيوم تأكيد لاسم الحى واقتران الإسمين فى الآيات
    ومن أدب المؤمن مع اسم القيوم أن من علم أن الله هو القيوم بالأمور أستراح من كد التعبير وتعب الاشتغال بغيره ولم يكن للدنيا عنده قيمة
    وقيل أن اسم الله الأعظم هو الحى القيوم
"
65,الوَاجِدُ,الواجد: هو الذي لا يعوزه شيء ولا يعجزه شيء يجد كل ما يطلبه، ويدرك كل ما يريده.,"    الواجد فيه معنى الغنى والسعة
    والله الواجد الذى لا يحتاج الى شىء وكل الكمالات موجودة له مفقودة لغيره
    إلا إن أوجدها هو بفضله
    وهو وحده نافذ المراد
    وجميع أحكامه لا نقض فيها ولا أبرام
    وكل ما سوى الله تعالى لا يسمى واجدا
    وإنما يسمى فاقدا
    واسم الواجد لم يرد فى القرآن ولكنه مجمع عليه
    ولكن وردت مادة الوجود مثل قوله تعالى ( انا وجدناه صابرا نعم العبد انه أواب ) الآية
"
66,المَاجِدُ,الماجد: هو الذي له الكمال المتناهي والعز الباهي، له العز في الأوصاف والأفعال الذي يعامل العباد بالجود والرحمة.,"    الماجد فى اللغة بمعنى الكثير الخير الشريف المفضال
    والله الماجد من له الكمال المتناهى والعز الباهى
    الذى بعامل العباد بالكرم والحود
    والماجد تأكيد لمعنى الواجد أى الغنى المغنى
    واسم الماجد لم يرد فى القرآن الكريم
    ويقال أنه بمعنى المجيد إلا أن المجيد أبلغ
    وحظ العبد من الاسم أن يعامل الخلق بالصفح والعفو وسعة الأخلاق
"
67,الوَاحِدُ,الواحد: هو الفرد المتفرد في ذاته وصفائه وأفعاله، واحد في ملكه لا ينازعه أحد، لا شريك له سبحانه.,"    الواحد فى اللغة بمعنى الفرد الذى لم يزل وحده ولم يكن معه أحد
    والواحد بمعنى الأحد وليس للأحد جمع
    والله تعالى واحد لم يرضى بالوحدانية لأحد غيره
    والتوحيد ثلاثة : توحيد الحق سبحانه وتعالى لنفسه وتوحيد العبد للحق سبحانه
    وتوحيد الحق للعبد وهو أعطاؤه التوحيد وتوفيقه له
    والله واحد فى ذاته لا يتجزأ
    واحد فى صفاته لا يشبهه شىء وهو لا يشبه شىء
    وهو واحد فى أفعاله لا شريك له
"
68,الصَّمَدُ,الصمد: هو المطاع الذي لا يقضى دونه أمر، الذي يقصد إليه في الحوائج فهو مقصد عباده في مهمات دينهم ودنياهم.,"
    الصمد فى اللغة بمعنى القصد وأيضا بمعنى الذى لا جوف له
    والصمد فى وصف الله تعالى هو الذى صمدت اليه الأمور
    فلم يقض فيها غيره
    وهو صاحب الأغاثات عند الملمات وهو الذى يصمد اليه الحوائج ( أى يقصد ) .
    ومن اختاره الله ليكون مقصد عباده فى مهمات دينهم ودنياهم
    فقد أجرى على لسانه ويده حوائج خلقه فقد أنعم عليه بحظ من وصف هذا الاسم
    ومن أراد أن يتحلى بأخلاق الصمد فليقلل من الأكل والشرب ويترك فضول الكلام
    ويداوم على ذكر الصمد وهو فى الصيام فيصفو من الأكدار البشرية ويرجع الى البداية الروحانية
"
69,القَادِرُ,القادر: هو الذي يقدر على إيجاد المعدوم وإعدام الموجود على قدر ما تقتضي الحكمة، لا زائدا عليه ولا ناقصا عنه.,"    الفرق بين الاسمين أن المقتدر أبلغ من القادر
    وكل منهما يدل على القدرة
    والقدير والقادر من صفات الله عز وجل ويكونان من القدرة والمقتدر ابلغ
    ولم يعد اسم القدير ضمن الاسماء التسعة وتسعين ولكنه ورد فى آيات القرآن الكريم أكثر من ثلاثين مرة
    والله القادر الذى يقدر على أيجاد المعدوم وإعدام الموجود
    أما المقتدر فهو الذى يقدر على إصلاح الخلائق على وحه لا يقدر عليه غيره فضلا منه وإحسانا
"
70,المُقْتَدِرُ,المقتدر: هو الذي يقدر على إصلاح الخلائق على وجه لا يقدر عليه غيره.,"    الفرق بين الاسمين أن المقتدر أبلغ من القادر
    وكل منهما يدل على القدرة
    والقدير والقادر من صفات الله عز وجل ويكونان من القدرة والمقتدر ابلغ
    ولم يعد اسم القدير ضمن الاسماء التسعة وتسعين ولكنه ورد فى آيات القرآن الكريم أكثر من ثلاثين مرة
    والله القادر الذى يقدر على أيجاد المعدوم وإعدام الموجود
    أما المقتدر فهو الذى يقدر على إصلاح الخلائق على وحه لا يقدر عليه غيره فضلا منه وإحسانا
"
71,المُقَدِّمُ,المقدم: هو الذي يقدم الأشياء ويضعها في مواضعها، فمن استحق التقديم قدمه.,"
    المقدم لغويا بمعنى الذى يقدم الأشياء ويضعها فى موضعها
    والله تعالى هو المقدم الذى قدم الأحباء وعصمهم من معصيته
    وقدم رسول الله صلى الله عليه وسلم بدءا وختما
    وقدم أنبياءه وأولياءه بتقريبهم وهدايتهم
    أما المؤخر فهو الذى يؤخرالأشياء فيضعها فى مواضعها
    والمؤخر فى حق الله تعالى الذى يؤخر المشركين والعصاة ويضرب الحجاب بينه وبينهم ويؤخر العقوبة لهم لأنه الرؤوف الرحيم
    والنبى صلى الله عليه وسلم غفر له ما تقدم من ذنبه وما تأخر ومع ذلك لم يقصر فى عبادته
    فقيل له ألم يغفر الله لك ما تقدم من ذنبك وما تأخر ) فأجاب : ( أفلا أكون عبدا شكورا )
    واسماء المقدم والمؤخر لم يردا فى القرآن الكريم ولكنهما من المجمع عليهما
"
72,المُؤَخِّرُ,المؤخر: هو الذي يؤخر الأشياء فيضعها في مواضعها المؤخر لمن شاء من الفجار والكفار وكل من يستحق التأخير.,"
    المقدم لغويا بمعنى الذى يقدم الأشياء ويضعها فى موضعها
    والله تعالى هو المقدم الذى قدم الأحباء وعصمهم من معصيته
    وقدم رسول الله صلى الله عليه وسلم بدءا وختما
    وقدم أنبياءه وأولياءه بتقريبهم وهدايتهم
    أما المؤخر فهو الذى يؤخرالأشياء فيضعها فى مواضعها
    والمؤخر فى حق الله تعالى الذى يؤخر المشركين والعصاة ويضرب الحجاب بينه وبينهم ويؤخر العقوبة لهم لأنه الرؤوف الرحيم
    والنبى صلى الله عليه وسلم غفر له ما تقدم من ذنبه وما تأخر ومع ذلك لم يقصر فى عبادته
    فقيل له ألم يغفر الله لك ما تقدم من ذنبك وما تأخر ) فأجاب : ( أفلا أكون عبدا شكورا )
    واسماء المقدم والمؤخر لم يردا فى القرآن الكريم ولكنهما من المجمع عليهما
"
73,الأَوَّلُ,الأول: هو الذي لم يسبقه في الوجود شيء فهو أول قبل الوجود.,"
    الأول لغويا بمعنى الذى يترتب عليه غيره
    والله الأول بعنى الذى لم يسبقه فى الوجود شىء
    هو المستغنى بنفسه
    وهذه الأولية ليست بالزمان ولا بالمكان ولا بأى شىء فى حدود العقل أو محاط العلم
    ويقول بعض العلماء أن الله سبحانه ظاهر باطن فى كونه الأول أظهر من كل ظاهر لأن العقول تشهد بأن المحدث لها موجود متقدم عليها
    وهو الأول أبطن من كل باطن لأن عقلك وعلمك محدود بعقلك وعلمك فتكون الأولية خارجة عنه
    قال إعرابى للرسول عليه الصلاة والسلام : ( أين كان الله قبل الخلق ؟ ) فأجاب : ( كان الله ولا شىء معه ) فسأله الأعرابى : ( والأن )
    فرد النبى بقوله : ( هو الأن على ما كان عليه )
    أما الآخر فهو الباقى سبحانه بعد فناء خلقه الدائم بلا نهاية
    وعن رسول الله عليه الصلاة والسلام هذا الدعاء : يا كائن قبل أن يكون أى شىء
    والمكون لكل شىء
    والكائن بعدما لا يكون شىء
    أسألك بلحظة من لحظاتك الحافظات الغافرات الراجيات المنجيات
"
74,الآخِرُ,الآخر: هو الباقي بعد فناء خلقه، البقاء الأبدي يفنى الكل وله البقاء وحده، فليس بعده شيء.,"
    الأول لغويا بمعنى الذى يترتب عليه غيره
    والله الأول بعنى الذى لم يسبقه فى الوجود شىء
    هو المستغنى بنفسه
    وهذه الأولية ليست بالزمان ولا بالمكان ولا بأى شىء فى حدود العقل أو محاط العلم
    ويقول بعض العلماء أن الله سبحانه ظاهر باطن فى كونه الأول أظهر من كل ظاهر لأن العقول تشهد بأن المحدث لها موجود متقدم عليها
    وهو الأول أبطن من كل باطن لأن عقلك وعلمك محدود بعقلك وعلمك فتكون الأولية خارجة عنه
    قال إعرابى للرسول عليه الصلاة والسلام : ( أين كان الله قبل الخلق ؟ ) فأجاب : ( كان الله ولا شىء معه ) فسأله الأعرابى : ( والأن )
    فرد النبى بقوله : ( هو الأن على ما كان عليه )
    أما الآخر فهو الباقى سبحانه بعد فناء خلقه الدائم بلا نهاية
    وعن رسول الله عليه الصلاة والسلام هذا الدعاء : يا كائن قبل أن يكون أى شىء
    والمكون لكل شىء
    والكائن بعدما لا يكون شىء
    أسألك بلحظة من لحظاتك الحافظات الغافرات الراجيات المنجيات
"
75,الظَّاهِرُ,الظاهر: هو الذي ظهر فوق كل شيء وعلا عليه، الظاهر وجوده لكثرة دلائله.,"
    الظاهر لغويا بمعنى ظهور الشىء الخفى وبمعنى الغالب
    والله الظاهر لكثرة البراهين الظاهرة والدلائل على وجود إلهيته وثبوت ربوبيته وصحة وحدانيته
    والباطن سبحانه بمعنى المحتجب عن عيون خلقه
    وأن كنه حقيقته غير معلومة للخلق
    هو الظاهر بنعمته الباطن برحمته
    الظاهر بالقدرة على كل شىء والباطن العالم بحقيقة كل شىء
    ومن دعاء النبى صلى الله عليه وسلم : اللهم رب السموات ورب الأرض
    ورب العرش العظيم
    ربنا رب كل شىء
    فالق الحب و النوى
    منزل التوراة والإنجيل والقرآن
    أعوذ بك من شر كل دابة أنت أخذ بناصيتها
    اللهم أنت الأول فليس قبلك شىء
    وأنت الآخر فليس بعدك شىء
    وأنت الظاهر فليس فوقك شىء وأنت الباطن فليس دونك شىء أقض عنا الدين وأغننا من الفقر
"
76,البَاطِنُ,الباطن: هو العالم ببواطن الأمور وخفاياها، وهو أقرب إلينا من حبل الوريد.,"
    الظاهر لغويا بمعنى ظهور الشىء الخفى وبمعنى الغالب
    والله الظاهر لكثرة البراهين الظاهرة والدلائل على وجود إلهيته وثبوت ربوبيته وصحة وحدانيته
    والباطن سبحانه بمعنى المحتجب عن عيون خلقه
    وأن كنه حقيقته غير معلومة للخلق
    هو الظاهر بنعمته الباطن برحمته
    الظاهر بالقدرة على كل شىء والباطن العالم بحقيقة كل شىء
    ومن دعاء النبى صلى الله عليه وسلم : اللهم رب السموات ورب الأرض
    ورب العرش العظيم
    ربنا رب كل شىء
    فالق الحب و النوى
    منزل التوراة والإنجيل والقرآن
    أعوذ بك من شر كل دابة أنت أخذ بناصيتها
    اللهم أنت الأول فليس قبلك شىء
    وأنت الآخر فليس بعدك شىء
    وأنت الظاهر فليس فوقك شىء وأنت الباطن فليس دونك شىء أقض عنا الدين وأغننا من الفقر
"
77,الوَالِي,الوالي: هو المالك للأشياء المتصرف فيها بمشيئته وحكمته، ينفذ فيها أمره، ويجري عليها حكمه.,"
    الله الوالى هو المالك للأشياء
    المستولى عليها فهو المتفرد بتدبيرها أولا
    والمتكفل والمنفذ للتدبير ثانيا
    والقائم عليها بالإدانة والإبقاء ثالثا
    هو المتولى أمور خلقه بالتدبير والقدرة والفعل
    فهو سبحانهالمالك للأشياء المتكفل بها القائم عليها بالإبقاء والمتفرد بتدبيرها
    المتصرف بمشيئته فيها
    ويجرى عليهل حكمه
    فلا والى للأمور سواه
    واسم الوالى لم يرد فى القرآن ولكن مجمع عليه
"
78,المُتَعَالِ,المتعال: هو الذي جل عن إفك المفترين، وتنزه عن وساوس المتحيرين.,"    تقول اللغة يتعالى أى يترفع على
    الله المتعالى هو المتناهى فى علو ذاته عن جميع مخلوقاته
    المستغنى بوجوده عن جميع كائناته
    لم يخلق إلا بمحض الجود
    وتجلى أسمه الودود
    هو الغنى عن عبادة العابدين
    الذى يوصل خيره لجميع العاملين
    وقد ذكر اسم المتعالى فى القرآن مرة واحدة فى سورة الرعد : ( عالم الغيب والشهادة الكبير المتعال )
    وقد جاء فى الحديث الشريف ما يشعر بأستحباب الإكثار من ذكر اسم المتعال فقال : بئس عبد تخيل واختال
    ونسى الكبير المتعال
"
79,البَرُّ,البر: هو العطوف على عباده ببره ولطفه، ومن على السائلين بحسن عطائه، وهو الصدق فيما وعد.,"    البر فى اللغة بفتح الباء هو فاعل الخير والمحسن
    وبكسر الباء هو الإحسان والتقوى البر فى حقه تعالى هو فاعل البر والإحسان
    هو الذى يحسن على السائلين بحسن عطائه
    وينفضل على العابدين بجزيل جزائه
    لا يقطع تإحسان بسبب العصيان
    وهو الذى لا يصدر عنه القبيح
    وكل فعله مليح
    وهذا البر إما فى الدنيا أو فى الدين
    فى الدين بالإيمان والطاعة أو بإعطاء الثواب على كل ذلك
    وأما فى الدنيا فما قسم من الصحة والقوة والجاه والأولاد والأنصار وما هو خارج عن الحصر
"
80,التَّوَّابُ,التواب: هو الذي يوفق عباده للتوبة حتى يتوب عليهم ويقبل توبتهم فيقابل الدعاء بالعطاء، والتوبة بغفران الذنوب.,"
    التوبة لغويا بمعنى الرجوع ويقال تاب وأناب وآب
    فمن تاب لخوف العقوبة فهو صاحب توبة
    ومن تاب طمعا فى الثواب فهو صاحب إنابة
    ومن تاب مراعاة للأمر لا خوفا ولا طمعا فهو صاحب أوبة والتواب فى حق الله تعالى هو الذى يتوب على عبده ويوفقه اليها وييسرها له
    ومالم يتب الله على العبد لا يتوب العبد
    فابتداء التوبة من الله تعالى بالحق وتمامها على العبد بالقبول
    فإن وقع العبد فى ذنب وعاد وتاب الى الله رحب به
    ومن زل بعد ذلك وأعتذر عفى عنه وغفر
    ولا يزال العبد توابا
    ولا يزال الرب غفارا
    وحظ العبد من هذا الاسم أن يقبل أعذار المخطئين أو المذنبين من رعاياه وأصدقائه مرة بعد أخرى
"
81,المُنْتَقِمُ,المنتقم: هو الذي يقسم ظهور الطغاة، ويشدد العقوبة على العصاة، وذلك بعد الإعذار والإنذار.,"    النقمة هى العقوبة
    والله المنتقم الذى يقسم ظهور الكغاة ويشدد العقوبة على العصاة وذلك بعد الإنذار بعد التمكين والإمهال
    فإنه إذا عوجل بالعقوبة لم يمعن فى المعصية فلم يستوجب غاية النكال فى العقوبة
    والله يغضب فى حق خلقه بما لا يغضب فى حق نفسه
    فينتقم لعباده بما لا ينتقم لنفسه فى خاص حقه
    فإنه إن عرفت أنه كريم رحيم فأعرف أنه منتقم شديد عظيم
    وعن الفضل أنه قال : من خاف الله دله الخوف على كل خير
"
82,العَفُوُّ,العفو: هو الذي يترك المؤاخدة على الذنوب ولا يذكرك بالعيوب فهو يمحو السيئات ويتجاوز عن المعاصي.,"
    العفو له معنيان الأول : هو المحو والإزالة
    و العفو فى حق الله تعالى عبارة عن إزالة أثار الذنوب كلية فيمحوها من ديوان الكرام الكاتبين
    ولا يطالبه بها يوم القيامة وينسيها من قلوبهم كيلا يخجلوا عند تذكرها ويثبت مكان كل سيئة حسنة
    المعنى الثانى : هو الفضل أى هو الذى يعطى الكثير
    وفى الحديث : ( سلوا الله العفو و العافية ) والعافية هنا دفاع الله عن العبد
    والمعافاة أن يعافيك الله من الناس ويعافيهم منك أى يغنيك عنهم ويغنيهم عنك
    وبذلك صرف أذاك عنهم وأذاهم عن وحظ العبد من الاسم أن يعفو عمن أساء إليه أو ظلمه وأن يحسن الى من أساء اليه
"
83,الرَّءُوفُ,الرؤوف: هو المتعطف على المذنبين بالتوبة، الذي جاد بلطفه ومن بتعطفه، يستر العيوب ثم يعفو عنها.,"
    الرؤوف فى اللغة هى الشديد الرحمة
    والرأفة هى هى نهاية الرحمة
    و الروؤف فى أسماء الله تعالى هو المتعطف على المذنبين بالتوبة وعلى أوليائه بالعصمة
    ومن رحمته بعباده أن يصونهم عن موجبات عقوبته وإن عصمته عن الزلة أبلغ فى باب الرحمن من غفرانه المعصية
    وكم من عبد يرثى له الخلق بما به من الضر والفاقة وسوء الحال وهو فى الحقيقة فى نعمة تغبطه عليها الملائكة
    وقيل أن نبيا شكى الى الله تعالى الجوع والعرى والقمل
    فأوحى الله تعالى اليه : أما تعرف ما فعلت بك ؟ سددت عنك أبواب الشرك .
    ومن رحمته تعالى أن يصون العبد عن ملاحظة الأغيار فلا يرفع العبد حوائجه إلا إليه
    وقد قال رجل لبعض الصالحين ألك حاجة ؟ فقال : لا حاجة بى الى من لا يعلم حاجتى .
    والفرق بين اسم الروؤف والرحيم أنه تعالى قدم الرؤوف على الرحيم والرأفة على الرحمة .
    وحظ العبد من اسم الروؤف أن يكثر من ذكره حتى يصير عطوفا على الخاص والعام ذاكرا قول رسول الله صلى الله عليه وسلم :ارحموا من فى الأرض يرحمكم من فى السماء ,
    و من قطع رجاء من ارتجاه قطع الله رجاءه يوم القيامة فلن يلج الجنة
"
84,مَالِكُ المُلْكِ,مالك الملك: هو المتصرف في ملكه كيف يشاء لا راد لحكمه، ولا معقب لأمره.,"    من أسماء الله تعالى الملك والمالك والمليك
    ومالك الملك والملكوت
    مالك الملك هو المتصرف فى ملكه كيف يشاء ولا راد لحكمه
    ولا معقب لأمره
    والوجو كله من جميع مراتبه مملكة واحدة لمالك واحد هو الله تعالى
    هو الملك الحقيقى المتصرف بما شاء كيف شاء
    إيجادا وإعدتما
    إحياء وإماته
    تعذيبا وإثابة من غير مشارك ولا ممانع
    ومن أدب المؤمن مع اسم مالك الملك أن يكثر من ذكره وبذلك يغنيه الله عن الناس
    وروى عن سفيان بن عينه قال: بين أنا أطوف بالبيت إذ رأيت رجلا وقع فى قلبى أنه من عباد الله المخلصين فدنوت منه فقلت: هل تقول شيئا ينفعنى الله به؟ فلم يرد جواب
    ومشى فى طوافه
    فلما فرغ صلى خلف المقام ركعتين
    ثم دخل اللحجر فجلس
    فجلست اليه فقلت: هل تقول شيئا ينفعنى الله به؟ فقال: هل تدرون ما قال ربكم: أنا الحى الذى لا أموت هلموا أطيعونى أجعلكم ملوكا لا تزولون
    أنا الملك الذى إذا أردت شيئا قلت له كن فيكون
"
85,ذُو الجَلَالِ وَالإِكْرَامِ,ذو الجلال والإكرام: هو المنفرد بصفات الجلال والكمال والعظمة، المختص بالإكرام والكرامة وهو أهل لأن يجل.,"    ذو الجلال والأكرام إسم من أسماء الله الحسنى
    هو الذى لا جلال ولا كمال إلا وهو له
    ولا كرامة ولا مكرومة إلا وهى صادرة منه
    فالجلال له فى ذاته ةالكرامة فائضة منه على خلقه وفى تقديم لفظ الجلال على لفظ الإكرام سر
    وهو ان الجلال إشارة الى التنزيه وأما الإكرام فإضافة ولابد فيها من المضافين
    والإكرام قريب من معنى الإنعام إلا أنه أحص منه لأنه ينعم على من لا يكرم ولا يكرم غلا من ينعم عليه
    وقد قيل أن النبى صلى الله عليه وسلم كان مارا فى طريق إذ رأة إعرابيا يقول :
    ( اللهم إنى أسألك بإسمك الأعظم العظيم الحنان المنان مالك الملك ذو الجلال والإكرام )
    فقال النبى صلى الله عليه وسلم :( إنه دعى باسم الله الذى إذا دعى به أجاب وإذا سئل به أجاب )
    ومتى أكثر العبد من ذكره صار جليل القدر بين العوالم
    ومن عرف جلال الله تواضع له وتذلل
"
86,المُقْسِطُ,المقسط: هو العادل في حكمه، الذي ينتصف للمظلوم من الظالم، ثم يكمل عدله فيرضي الظالم بعد إرضاء المظلوم.,"
    اللغة تقول أقسط الأنسان إذا عدل
    وقسط إذا جار وظلم
    والمقسط فى حق الله تعالى هو العادل فى الأحكام
    الذى ينتصف للمظلوم من الظالم
    وكاله فى أن يضيف الى إرضاء المظلوم إرضاء الظالم وذلك غاية العدل والإنصاف ولا يقدر عليه إلا الله تعالى
    وقد روى عن رسول الله صلى الله عليه وسلم أنه قال فى الحديث بينما رسول الله جالس إذ ضحك حتى بدت ثناياه
    فقال عمر: بأبى أنت وأمى يارسول الله ما الذى أضحكك؟ قال: رجلان من أمتى جثيا بين يدى رب العزة فقال أحدهما ( ياربى خذ مظلمتى من هذا ) فقال الله عز وجل: رد على أخيك مظلمته
    فقال ( ياربى لم يبق من حسناتى شىء) فقال عز وجل للطالب: (كيف تصنع بأخيك ولم يبق من حسناته شىء؟) فقال ( ياربى فليحمل عنى أوزارى ) ثم فاضت عينا رسول الله بالبكاء
    وقال: ( إن ذلك ليوم عظيم يوم يحتاج الناس أن يحمل عنهم أوزارهم) قال فيقول الله عز جل _ أى للمتظلم _ ( أرفع بصرك فانظر فى الجنان )
    فقال (ياربى أرى مدائن من فضة وقصورا من ذهب مكللة بالؤلؤ
    لأى نبى هذا ؟ أو لأى صديق هذا؟ أو لأى شهيد هذا ؟ ) قال الله تعالى عز وجل ( لمن أعطى الثمن ) فقال ياربى ومن يملك ذلك؟ قال :أنت تملكه
    فقال: بماذا ياربى؟ فقال بعفوك عن أخيك فقال: ياربى قد عفوت عنه
    قال عز وجل: خذ بيد أخيك فأدخله الجنة
    ثم قال رسول الله صلى الله عليه وسلم
    أتقوا الله وأصلحوا ذات بينكم
    فإن الله يعدل بين المؤمنين يوم القيامة
"
87,الجَامِعُ,الجامع: هو الذي جمع الكمالات كلها، ذاتا ووصفا وفعلا، الذي يجمع بين الخلائق المتماثلة والمتباينة، والذي يجمع الأولين والآخرين.,"
    تقول اللغة إن الجمع هو ضم الشىؤ بتقريب بعضه من بعض ويوم الجمع هو يوم القيامة
    لأن الله يجمع فيه بين الأولين والأخرين من الأنس والجن
    وجميع أهل السماء والأرض وبين كل عبد وعمله
    وبين الظالم والمظلوم وبين كل نبى وأمته
    وبين ثواب أهل الطاعة وعقاب أهل المعصية
    الله الجامع لأنه جمع الكمالات كلها ذاتا ووصفا وفعلا
    والله الجامع والمؤلف بين المتماثلات والمتباينات والمتضادات
    والمتماثلات مثل جمعه الخلق الكثير من الأنس على ظهر الأرض وحشره إياهم فى صعيد القيامة
    وأما المتباينات فمثل جمعه بين السموات والأرض والكواكب
    والأرض والهواء والبحار وكل ذلك متباين الأشكال والألوان والطعوم والأوصاف
    وأما المتضادات فمثل جمعه بين الحرارة والبرودة والرطوبة واليبوسة
    والله الجامع قلوب أوليائه الى شهود تقديره ليتخلصوا من أسباب التفرقة
    ولينظروا الى الحادثات بعين التقدير إن كانت نعمة علموا أن الله تعالى معطيها
    وإن كانت بلية علموا أنه كاشفها
    الجامع من العباد هو من كملت معرفته وحسنت سيرته
    هو من لا يطفىء نور معرفته نور ورعه ومن جمع بين البصر والبصيرة
"
88,الغَنِيُّ,الغني: هو الذي لا يحتاج إلى شيء، وهو المستغني عن كل ما سواه، المفتقر إليه كل من عاداه.,"    تقول اللغة أن الغنى ضد الفقر
    والغنى عدم الحاجة وليس ذلك إلا لله تعالى
    هو المستغنى عن كل ما سواه
    المفتقر اليه كل ما عداه هو الغنى بذاته عن العالمين
    المتعالى عن جميع الخلائق فى كل زمن وحين الغنى عن العباد
    والمتفضل على الكل بمحض الوداد
"
89,المُغْنِيُّ,المغني: هو معطي الغنى لعباده، يغني من يشاء غناه، وهو الكافي لمن شاء من عباده.,"    الله المغنى الذى يغنى من يشاء غناه عمن سواه
    هو معطى الغنى لعباده
    ومغنى عباده بعضهم عن بعض
    فالمخلوق لا يملك لنفسه نفعا ولا ضرا فكيف يملك ذلك لغيره
    وهو المغنى لأوليائه من كنوز أنواره وحظ العبد من الاسم أن التخلق بالغنى يناسبه إظهار الفاقة والفقر اليه تعالى دائما وأبدا
    والتخلق بالمعنى أن تحسن السخاء والبذل لعباد الله تعالى
"
90,المَانِعُ,المعطي المانع: هو الذي أعطى كل شيء، ويمنع العطاء عن من يشاء ابتلاء أو حماية.,"    تقول اللغة أن المنع ضد الإعطاء
    وهى أيضا بمعنى الحماية
    الله تعالى المانع الذى يمنع البلاء حفظا وعناية
    ويمنع العطاء عمن يشاء أبتلاء أو حماية
    ويعطى الدنيا لمن يحب ومن لا يحب
    ولا يعطى الآخرة إلا لمن يحب
    سبحانه يغنى ويفقر
    ويسعد ويشقى
    ويعطى ويحرم
    ويمنح ويمنع فهو المعطى المانع
    وقد يكون باطن المنع العطاء
    قد يمنع العبد من كثرة الأموال ويعطيه الكمال والجمال
    فالمانع هو المعطى
    ففى باطن المنع عطاء وفى ظاهر العطاء بلاء
    هذا الاسم الكريم لم يرد فى القرآن الكريم ولكنه مجمع عليه فى روايات حديث الاسماء الحسنى وفى القرآن الكريم معنى المانع
    وفى حديث للبخارة :اللهم من منعت ممنوع
"
91,الضَّارُ,الضار: هو المقدر للضر على من أراد كيف أراد ذلك على مقتضى حكمته سبحانه.,"    تقول اللغة أن الضر ضد النفع
    والله جل جلاله هو الضار
    أى المقدر للضر لمن أراد كيف أراد
    هو وحده المسخر لأسباب الضر بلاء لتكفير الذنوب أو ابتلاء لرفع الدرجات
    فإن قدر ضررا فهو المصلحة الكبرى .
    الله سبحانه هو النافع الذى يصدر منه الخير والنفع فى الدنيا والدين
    فهو وحده المانح الصحة والغنى
    والسعادة والجاه والهداية والتقوى والضار النافع إسمان يدلان على تمام القدرة الإلهية
    فلا ضر ولا نفع ولا شر ولا خير إلا وهو بإرادة الله ولكن أدبنا مع ربنا يدعونا الى أن ننسب الشر الى أنفستا
    فلا تظن أن السم يقتل بنفسه وأن الطعام يشبع بنفسه بل الكل من أمر الله وبفعل الله
    والله قادر على سلب الأشياء خواصها فهو الذى يسلب الإحراق من النار
    كما قيل عن قصة إبراهيم ( قلنا يا نار كونى بردا وسلاما على إبراهيم )
    والضار النافع وصفان إما فى أحوال الدنيا فهو المغنى والمفقر
    وواهب الصحة لهذا والمرض لذاك
    وإما فى أحوال الدين فهو يهدى هذا ويضل ذاك
    ومن الخير للذاكر أن يجمع بين الأسمين معا فإليهما تنتهى كل الصفات وحظ العبد من الاسم أن يفوض الأمر كله لله وأن يستشعر دائما أن كل شىء منه واليه
"
92,النَّافِعُ,النافع: هو المقدر النفع والخير لمن أراد كيف أراد ذلك على مقتضى حكمته سبحانه.,"    تقول اللغة أن الضر ضد النفع
    والله جل جلاله هو الضار
    أى المقدر للضر لمن أراد كيف أراد
    هو وحده المسخر لأسباب الضر بلاء لتكفير الذنوب أو ابتلاء لرفع الدرجات
    فإن قدر ضررا فهو المصلحة الكبرى .
    الله سبحانه هو النافع الذى يصدر منه الخير والنفع فى الدنيا والدين
    فهو وحده المانح الصحة والغنى
    والسعادة والجاه والهداية والتقوى والضار النافع إسمان يدلان على تمام القدرة الإلهية
    فلا ضر ولا نفع ولا شر ولا خير إلا وهو بإرادة الله ولكن أدبنا مع ربنا يدعونا الى أن ننسب الشر الى أنفستا
    فلا تظن أن السم يقتل بنفسه وأن الطعام يشبع بنفسه بل الكل من أمر الله وبفعل الله
    والله قادر على سلب الأشياء خواصها فهو الذى يسلب الإحراق من النار
    كما قيل عن قصة إبراهيم ( قلنا يا نار كونى بردا وسلاما على إبراهيم )
    والضار النافع وصفان إما فى أحوال الدنيا فهو المغنى والمفقر
    وواهب الصحة لهذا والمرض لذاك
    وإما فى أحوال الدين فهو يهدى هذا ويضل ذاك
    ومن الخير للذاكر أن يجمع بين الأسمين معا فإليهما تنتهى كل الصفات وحظ العبد من الاسم أن يفوض الأمر كله لله وأن يستشعر دائما أن كل شىء منه واليه
"
93,النُّورُ,النور: هو الهادي الرشيد الذي يرشد بهدايته من يشاء فيبين له الحق، ويلهمه اتباعه، الظاهر في ذاته، المظهر لغيره.,"    تقول اللغة النور هو الضوء والسناء الذى يعين على الإبصار
    وذلك نوعان دنيوى وأخروى
    والدنيوى نوعان : محسوس بعين البصيرة كنور العقل ونور القرآن الكريم
    والأخر محسوس بعين البصر
    فمن النور الإلهى قوله تعالى ( قد جاءكم من الله نور وكتاب مبين ) ومن النور المحسوس قوله تعالى ( هو الذى جعل الشمس ضياء والقمر نور )
    والنور فى حق الله تعالى هو الظاهر فى نفسه بوجوده الذى لا يقبل العدم
    المظهر لغيره بإخراجه من ظلمة العدم الى نور الوجود
    هو الذى مد جميع جميع المخلوقات بالأنوار الحسية والمعنوية
    والله عز وجل يزيد قلب المؤمن نورا على نور يؤيده بنور البرهان
    ثم يؤيده بنور العرفان
    والنور المطلق هو الله بل هو نور الأنوار
    ويرى بعض العارفين أن اسم النور هو اسم الله الأعظم
"
94,الهَادِي,الهادي: هو المبين للخلق طريق الحق بكلامه يهدي القلوب إلى معرفته، والنفوس إلى طاعته.,"    تقول اللغة أن الهداية هى الإمالة
    ومنه سميت الهدية لأنها تميل قلب المهدى اليه الهدية الى الذى أهداه الهدية
    والله الهادى سبحانه الذى خص من أراد من عباده بمعرفته وأكرمه بنور توحيده ويهديه الى محاسن الأخلاق والى طاعته
    ويهدى المذنبين الى التوبة
    ويهدى جميع المخلوقات الى جلب مصالحها ودفع مضارها والى ما فيه صلاحهم فى معاشهم
    هو الذى يهدى الطفل الى ثدى أمه .. والفرخ لألتقاط حبه .. والنحل لبناء بيته على شكل سداسى .. الخ
    إنه الأعلى الذى خلق فسوى والذى قدر فهدى
    والهادى من العباد هم الأنبياء والعلماء
    وفى الحقيقة أن الله هو الهادى لهم على السنتهم
"
95,البَدِيعُ,البديع: هو الذي لا يماثله أحد في صفاته ولا في حكم من أحكامه، أو أمر من أموره، فهو المحدث الموجد على غير مثال.,"    اتقول اللغة إن الإبداع إنشاء صنعة بلا احتذاء أو اقتداء
    والإبداع فى حق الله تعالى هو إيجاد الشىء بغير ألة ولا مادة ولا زمان ولا مكان
    وليس ذلك إلا لله تعالى
    والله البديع الذى لا نظير له فى معنيان الأول : الذى لا نظير له فى ذاته ولا فى صفاته ولا فى أفعاله ولا فى مصنوعاته فهو البديع المطلق
    ويمتنع أن يكون له مثيل أزلا وابدا
    والمعنى الثانى : أنه المبدع الذى ابدع الخلق من غير مثال سابق
    وحظ العبد من الاسم الأكثار من ذكره وفهم معناه فيتجلى له نوره ويدخله الحق تبارك وتعالى فى دائرة الإبداع
    ومن أدب ذكر هذا الاسم أن يتجنب البدعة ويلازم السنة
"
96,البَاقِي,الباقي: هو وحده له البقاء، الدائم الوجود الموصوف بالبقاء الأزلي، غير قابل للفناء فهو الباقي بلا انتهاء.,"
    البقاء ضد الفناء والباقيات الصالحات هى كل عمل صالح
    والله الباقى الذى لا ابتداء لوجوده الذى لا يقبل الفناء
    هو الموصوف بالبقاء الأزلى من أبد الأبد الى ازل ازل الأزل
    فدوامه فى الأزل هو القدم ودوامه فى الأبد هو البقاء ولم يرد اسم الباقى بلفظه فى القرآن الكريم ولكن مادة البقاء وردت منسوبة الى الله تعالى ففى سورة طه ( والله خير وأبقى ) وفى سورة الرحمن ( ويبقى وجه ربك ذو الجلال والإكرام )
    وحظ العبد من الاسم إذا أكثر من ذكره كاشفه الله بالحقائق الباقية
    وأشهده الأثار الفانية فيفر الى الباقى بالأشواق
"
97,الوَارِثُ,الوارث: هو الأبقى الدائم الذي يرث الخلائق بعد فناء الخلق، وهو يرث الأرض ومن عليها.,"    الوارث سبحانه هو الباقى بعد فناء الخلق
    وقيل الوارث لجميع الأشياء بعد فناء أهلها
    روى أنه ينادى يوم القيامة : لمن الملك اليوم ؟ فيقال : لله الواحد القهار.
    وهذا النداء عبارة عن حقيقة ما ينكشف للأكثرين فى ذلك اليوم إذ يظنون لأنفسهم ملكا
    أما أرباب البصائر فإنهم أبدا مشاهدون لمعنى هذا النداء
    يؤمنون بأن الملك لله الواحد القهار أزلا وابدا .
    ويقول الرازى أعلم أن ملك جميع الممكنات هو الله سبحانه وتعالى
    ولكنه بفضله جعل بعض الأشياء ملكا لبعض عباده
    فالعباد أنما ماتوا وبقى الحق سبحانه وتعالى
    فالمراد يكون وارثا هو هذا .
"
98,الرَّشِيدُ,الرشيد: هو الذي أسعد من شاء بإرشاده، وأشقى من شاء بإبعاده، عظيم الحكمة بالغ الرشاد.,"
    الرشد هو الصلاح والأستقامة
    وهو خلاف الغى والضلالة
    والرشيد كما يذكر الرازى على وجهين أولهما أن الراشد الذى له الرشد ويرجع حاصله الى أنه حكيم ليس فى أفعاله هبث ولا باطل
    وثانيهما إرشاد الله يرجع الى هدايته
    والله سبحانه الرشيد المتصف بكمال الكمال عظيم الحكمة بالغ الرشاد وهو الذى يرشد الخلق ويهديهم الى ما فيه صلاحهم ورشادهم فى الدنيا وفى الآخرة
    لا يوجد سهو فى تدبيره ولا تقديره
    وفى سورة الكهف ( من يهد الله فهو المهتد ومن يضلل الله فلن تجد له وليا مرشدا )
    وينبغى للإنسان مع ربه الرشيد أن يحسن التوكل على ربه حتى يرشده
    ويفوض أمره بالكلية اليه وأن يستجير به كل شغل ويستجير به فى كل خطب
    كما أخبر الله عن عيسى عليه السلام بقوله تعالى ( ولما توجه تلقاء ربه قال عسى ربى أن يهدينى سواء السبيل) وهكذا ينبغى للعبد إذا أصبح أن يتوكل على ربه وينتظر ما يرد على قلبه من الإشارة فيقضى أشغاله ويكفيه جميع أموره
"
99,الصَّبُورُ,الصبور: هو الحليم الذي لا يعاجل العصاة بالنقمة، بل يعفوا ويؤخر، ولا يسرع بالفعل قبل أوانه.,"
    تقول اللغة أن الصبر هو حبس النفس عن الجزع
    والصبر ضد الجزع ويسمى رمضان شهر الصبر أن فيه حبس النفس عن الشهوات
    والصبور سبحانه هو الحليم الذى لا يعاجل العصاة بالنقمة بل يعفو أو يؤخر
    الذى إذا قابلته بالجفاء قابلك بالعطاء والوفاء
    هو الذى يسقط العقوبة بعد وجوبها هو ملهم الصبر لجميع خلقه
    واسم الصبور غير وارد فى القرآن الكريم وإن ثبت فى السنة
    و الصبور يقرب معناه من الحليم
    والفرق بينهم أن الخلق لا يأمنون العقوبة فى صفة الصبور كما يأمنون منها فى صيغة الحليم
    والصبر عند العباد ثلاثة أقسام : من يتصبر بأن يتكلف الصبر ويقاسى الشدة فيه .. وتلك أدنى مراتب الصبر
    ومن يصبر على على تجرع المرارة من غير عبوس ومن غير إظهار للشكوى .. وهذا هو الصبر وهو المرتبة الوسطى
    ومن يألف الصبر والبلوى لأنه يرى أن ذلك بتقدير المولى عز وجل فلا يجد فيه مشقة بل راحة
    وقيل اصبروا فى الله .. وصابروا لله ..
    ورابطوا مع الله.. فالصبر فى الله بلاء والصبر لله عناء والصبر مع الله وفاء
    ومتى تكرر الصبر من العبد أصبح عادة له وصار متخلقا بأنوار الصبور
"
